﻿Age,Sex,veg,fruit,physical_act,Income,Household,Region,work_act,Smoker,alcohol,weight_status
18-25,F,1,0,0,50000 +,Multi,N,1,N,4,Healthy
18-25,M,2,1,0,35000 - 50000,Multi,N,1,N,5,Healthy
26-35,F,2,0,2,35000 - 50000,Multi,N,1,N,2,Healthy
51-65,M,2,1,2,35000 - 50000,Multi,N,1,N,5,Healthy
66+,F,5,1,0,35000 - 50000,Multi,N,1,N,3,Healthy
66+,F,5,1,3,35000 - 50000,Multi,N,1,N,3,Healthy
36-50,F,3,2,3,50000 +,Multi,N,1,N,3,Healthy
26-35,M,4,2,0,50000 +,Multi,N,1,N,2,Healthy
36-50,F,2,2,1,20000 - 35000,Multi,Q,1,N,2,Healthy
66+,F,4,2,1,20000 - 35000,Multi,N,1,N,2,Healthy
66+,F,4,2,1,20000 - 35000,Multi,N,1,N,2,Healthy
26-35,F,4,1,1,35000 - 50000,Multi,Q,1,N,0,Healthy
51-65,M,4,0,1,50000 +,Multi,Q,1,N,1,Healthy
51-65,M,4,2,1,50000 +,Multi,Q,1,N,5,Healthy
51-65,M,4,2,1,50000 +,Multi,Q,1,N,0,Healthy
26-35,F,3,0,2,50000 +,Multi,N,1,N,1,Healthy
36-50,M,3,0,2,50000 +,Multi,N,1,N,3,Healthy
66+,F,4,2,2,50000 +,Multi,N,1,N,0,Healthy
26-35,F,4,2,2,20000 - 35000,Multi,N,1,Y,2,Healthy
26-35,F,5,2,2,35000 - 50000,Multi,N,1,N,5,Healthy
26-35,F,5,1,2,35000 - 50000,Multi,N,1,N,3,Healthy
26-35,F,5,0,2,35000 - 50000,Multi,N,1,N,2,Healthy
51-65,M,5,1,2,50000 +,Multi,N,1,Y,4,Healthy
26-35,F,2,2,3,20000 - 35000,Multi,N,1,N,0,Healthy
36-50,F,4,2,3,20000 - 35000,Multi,N,1,N,4,Healthy
36-50,M,4,2,3,20000 - 35000,Multi,N,1,N,5,Healthy
36-50,M,4,2,3,20000 - 35000,Multi,N,1,N,2,Healthy
51-65,M,4,2,3,20000 - 35000,Multi,N,1,N,2,Healthy
51-65,M,2,2,3,20000 - 35000,Multi,N,1,N,5,Healthy
51-65,M,4,2,3,20000 - 35000,Multi,N,1,N,0,Healthy
66+,F,5,0,3,35000 - 50000,Multi,N,1,N,2,Healthy
36-50,F,5,0,3,50000 +,Multi,N,1,N,2,Healthy
36-50,F,5,2,3,50000 +,Multi,N,1,N,2,Healthy
36-50,F,2,2,3,35000 - 50000,Multi,Q,1,N,4,Healthy
36-50,M,2,1,3,35000 - 50000,Multi,Q,1,N,2,Healthy
36-50,M,2,1,3,35000 - 50000,Multi,Q,1,N,1,Healthy
26-35,F,3,2,3,20000 - 35000,Multi,N,1,N,0,Healthy
36-50,F,3,1,3,35000 - 50000,Multi,N,1,N,2,Healthy
36-50,M,3,0,3,35000 - 50000,Multi,N,1,N,3,Healthy
36-50,M,3,0,3,35000 - 50000,Multi,N,1,N,5,Healthy
66+,F,3,1,3,35000 - 50000,Multi,N,1,N,2,Healthy
51-65,M,3,1,3,50000 +,Multi,N,1,N,4,Healthy
51-65,M,3,0,3,50000 +,Multi,N,1,N,0,Healthy
51-65,M,3,1,3,35000 - 50000,Multi,N,1,N,2,Healthy
51-65,M,3,2,3,35000 - 50000,Multi,N,1,Y,2,Healthy
26-35,F,3,2,3,20000 - 35000,Multi,Q,1,N,0,Healthy
36-50,M,3,2,3,20000 - 35000,Multi,Q,1,N,1,Healthy
36-50,F,3,2,3,20000 - 35000,Multi,Q,1,N,0,Healthy
66+,F,3,2,3,20000 - 35000,Multi,Q,1,N,4,Healthy
18-25,F,3,1,3,35000 - 50000,Multi,Q,1,N,3,Healthy
18-25,M,3,2,3,35000 - 50000,Multi,Q,1,N,2,Healthy
26-35,F,3,1,3,35000 - 50000,Multi,Q,1,N,3,Healthy
36-50,F,3,2,3,35000 - 50000,Multi,Q,1,N,5,Healthy
36-50,M,3,2,3,35000 - 50000,Multi,Q,1,N,3,Healthy
36-50,F,3,2,3,35000 - 50000,Multi,Q,1,N,3,Healthy
51-65,M,3,1,3,35000 - 50000,Multi,Q,1,N,0,Healthy
51-65,M,3,1,3,35000 - 50000,Multi,Q,1,N,4,Healthy
51-65,M,3,1,3,35000 - 50000,Multi,Q,1,N,2,Healthy
51-65,M,3,1,3,35000 - 50000,Multi,Q,1,N,2,Healthy
26-35,F,3,2,3,50000 +,Multi,Q,1,N,3,Healthy
26-35,F,3,2,3,50000 +,Multi,Q,1,N,2,Healthy
26-35,F,3,2,3,50000 +,Multi,Q,1,N,1,Healthy
66+,F,3,0,3,50000 +,Multi,Q,1,N,5,Healthy
66+,F,3,2,3,50000 +,Multi,Q,1,N,6,Healthy
66+,F,3,0,3,50000 +,Multi,Q,1,N,0,Healthy
66+,F,4,2,3,20000 - 35000,Multi,N,1,N,2,Healthy
26-35,F,4,1,3,35000 - 50000,Multi,N,1,N,2,Healthy
36-50,F,4,1,3,35000 - 50000,Multi,N,1,N,3,Healthy
36-50,F,4,1,3,35000 - 50000,Multi,N,1,N,2,Healthy
36-50,M,4,1,3,35000 - 50000,Multi,N,1,N,1,Healthy
36-50,M,4,1,3,35000 - 50000,Multi,N,1,N,6,Healthy
36-50,F,4,1,3,35000 - 50000,Multi,N,1,N,2,Healthy
51-65,M,4,1,3,35000 - 50000,Multi,N,1,N,4,Healthy
51-65,M,4,0,3,35000 - 50000,Multi,N,1,N,1,Healthy
51-65,M,4,0,3,35000 - 50000,Multi,N,1,N,2,Healthy
26-35,M,4,0,3,50000 +,Multi,N,1,N,3,Healthy
26-35,F,4,2,3,20000 - 35000,Multi,Q,1,N,3,Healthy
36-50,M,4,2,3,20000 - 35000,Multi,Q,1,N,5,Healthy
51-65,M,4,2,3,20000 - 35000,Multi,Q,1,N,2,Healthy
26-35,F,4,1,3,35000 - 50000,Multi,Q,1,N,3,Healthy
26-35,F,4,2,3,35000 - 50000,Multi,Q,1,N,2,Healthy
26-35,F,4,1,3,35000 - 50000,Multi,Q,1,N,0,Healthy
26-35,M,4,1,3,35000 - 50000,Multi,Q,1,N,0,Healthy
66+,F,4,1,3,35000 - 50000,Multi,Q,1,N,2,Healthy
18-25,M,4,2,3,50000 +,Multi,Q,1,N,2,Healthy
26-35,M,4,2,3,50000 +,Multi,Q,1,N,3,Healthy
36-50,F,4,0,3,50000 +,Multi,Q,1,N,3,Healthy
36-50,F,4,2,3,50000 +,Multi,Q,1,N,2,Healthy
26-35,F,5,2,3,20000 - 35000,Multi,N,1,N,2,Healthy
26-35,M,5,2,3,20000 - 35000,Multi,N,1,N,0,Healthy
36-50,F,5,2,3,20000 - 35000,Multi,N,1,N,0,Healthy
26-35,M,5,1,3,35000 - 50000,Multi,N,1,N,6,Healthy
26-35,F,5,1,3,35000 - 50000,Multi,N,1,N,0,Healthy
26-35,F,5,0,3,35000 - 50000,Multi,N,1,N,0,Healthy
36-50,M,5,2,3,35000 - 50000,Multi,N,1,N,2,Healthy
18-25,M,5,1,3,35000 - 50000,Multi,Q,1,N,0,Healthy
26-35,F,5,1,3,35000 - 50000,Multi,Q,1,N,4,Healthy
66+,F,5,2,3,35000 - 50000,Multi,Q,1,N,5,Healthy
66+,F,5,1,3,35000 - 50000,Multi,Q,1,N,0,Healthy
26-35,M,5,2,3,50000 +,Multi,Q,1,N,2,Healthy
36-50,F,5,0,3,50000 +,Multi,Q,1,N,3,Healthy
36-50,M,5,0,3,50000 +,Multi,Q,1,N,3,Healthy
36-50,M,5,2,3,50000 +,Multi,Q,1,N,4,Healthy
51-65,M,5,2,3,50000 +,Multi,Q,1,N,3,Healthy
51-65,M,5,2,3,50000 +,Multi,Q,1,N,2,Healthy
51-65,M,3,2,4,50000 +,Multi,N,1,N,5,Healthy
26-35,F,3,1,4,50000 +,Multi,N,1,N,2,Healthy
26-35,F,3,0,4,35000 - 50000,Multi,N,1,Y,1,Healthy
51-65,M,3,1,4,35000 - 50000,Multi,N,1,Y,0,Healthy
51-65,M,4,2,4,50000 +,Multi,N,1,N,4,Healthy
51-65,M,5,2,4,20000 - 35000,Multi,Q,1,N,4,Healthy
51-65,M,5,2,4,20000 - 35000,Multi,N,1,N,3,Healthy
51-65,M,5,2,4,20000 - 35000,Multi,N,1,N,3,Healthy
36-50,F,5,0,4,50000 +,Multi,N,1,Y,4,Healthy
51-65,M,1,1,5,35000 - 50000,Multi,Q,1,N,2,Healthy
51-65,M,4,2,5,20000 - 35000,Multi,Q,1,Y,0,Healthy
36-50,M,3,1,5,35000 - 50000,Multi,Q,1,Y,3,Healthy
51-65,M,3,1,5,35000 - 50000,Multi,Q,1,Y,0,Healthy
51-65,M,3,1,5,35000 - 50000,Multi,Q,1,N,3,Healthy
36-50,M,4,0,5,50000 +,Multi,N,1,Y,5,Healthy
51-65,M,4,0,5,50000 +,Multi,N,1,Y,1,Healthy
26-35,F,4,1,5,35000 - 50000,Multi,Q,1,N,0,Healthy
51-65,M,4,1,5,35000 - 50000,Multi,Q,1,N,6,Healthy
26-35,F,4,2,5,50000 +,Multi,Q,1,Y,3,Healthy
51-65,M,5,0,5,50000 +,Multi,N,1,N,2,Healthy
36-50,M,5,2,5,20000 - 35000,Multi,Q,1,N,0,Healthy
36-50,M,1,1,1,35000 - 50000,Multi,Q,2,N,0,Healthy
26-35,F,1,0,1,50000 +,Multi,Q,2,N,0,Healthy
26-35,F,1,0,1,50000 +,Multi,Q,2,N,0,Healthy
26-35,M,1,2,1,50000 +,Multi,Q,2,N,0,Healthy
36-50,F,2,2,1,20000 - 35000,Multi,Q,2,N,2,Healthy
36-50,F,2,2,1,20000 - 35000,Multi,Q,2,N,4,Healthy
36-50,M,2,2,1,20000 - 35000,Multi,Q,2,N,5,Healthy
51-65,M,2,2,1,20000 - 35000,Multi,Q,2,N,2,Healthy
26-35,M,2,1,1,35000 - 50000,Multi,Q,2,N,2,Healthy
51-65,M,2,2,1,35000 - 50000,Multi,Q,2,N,5,Healthy
51-65,M,5,1,1,35000 - 50000,Multi,Q,2,N,6,Healthy
51-65,M,5,2,1,35000 - 50000,Multi,Q,2,N,0,Healthy
51-65,M,3,1,1,35000 - 50000,Multi,Q,2,N,5,Healthy
51-65,M,4,1,1,35000 - 50000,Multi,Q,2,N,0,Healthy
51-65,M,4,1,1,35000 - 50000,Multi,Q,2,N,3,Healthy
51-65,M,4,1,1,35000 - 50000,Multi,Q,2,N,0,Healthy
18-25,F,4,2,1,50000 +,Multi,Q,2,N,4,Healthy
66+,F,3,0,1,50000 +,Multi,Q,2,N,2,Healthy
66+,F,3,2,1,50000 +,Multi,Q,2,N,2,Healthy
36-50,F,3,2,1,20000 - 35000,Multi,Q,2,N,4,Healthy
26-35,M,3,1,1,35000 - 50000,Multi,Q,2,N,2,Healthy
26-35,M,3,1,1,35000 - 50000,Multi,Q,2,N,2,Healthy
36-50,F,3,1,1,35000 - 50000,Multi,Q,2,N,2,Healthy
66+,F,3,1,1,35000 - 50000,Multi,Q,2,N,3,Healthy
36-50,M,3,0,1,50000 +,Multi,Q,2,N,3,Healthy
36-50,F,3,2,1,50000 +,Multi,Q,2,N,3,Healthy
36-50,M,3,0,3,50000 +,Multi,Q,2,N,5,Healthy
36-50,M,3,2,3,50000 +,Multi,Q,2,N,3,Healthy
26-35,F,4,2,2,20000 - 35000,Multi,Q,2,N,0,Healthy
26-35,M,4,2,2,20000 - 35000,Multi,Q,2,N,2,Healthy
66+,F,4,2,4,20000 - 35000,Multi,Q,2,N,3,Healthy
66+,F,4,2,4,20000 - 35000,Multi,Q,2,N,2,Healthy
26-35,M,4,2,1,35000 - 50000,Multi,Q,2,N,0,Healthy
36-50,F,4,1,1,35000 - 50000,Multi,Q,2,N,2,Healthy
36-50,M,4,1,1,35000 - 50000,Multi,Q,2,N,3,Healthy
36-50,M,4,1,1,35000 - 50000,Multi,Q,2,N,2,Healthy
51-65,M,4,1,1,35000 - 50000,Multi,Q,2,N,4,Healthy
66+,F,4,1,1,35000 - 50000,Multi,Q,2,N,2,Healthy
51-65,M,4,0,1,50000 +,Multi,Q,2,N,2,Healthy
51-65,M,4,2,1,50000 +,Multi,Q,2,N,3,Healthy
66+,F,5,2,1,20000 - 35000,Multi,Q,2,N,0,Healthy
66+,F,5,2,5,20000 - 35000,Multi,Q,2,N,3,Healthy
26-35,F,5,1,5,35000 - 50000,Multi,Q,2,N,2,Healthy
26-35,F,5,1,5,35000 - 50000,Multi,Q,2,N,0,Healthy
36-50,F,5,1,5,35000 - 50000,Multi,Q,2,N,3,Healthy
36-50,M,5,1,1,35000 - 50000,Multi,Q,2,N,3,Healthy
36-50,F,5,1,1,35000 - 50000,Multi,Q,2,N,2,Healthy
51-65,M,2,2,2,35000 - 50000,Multi,N,2,N,5,Healthy
51-65,M,2,1,2,35000 - 50000,Multi,N,2,N,2,Healthy
26-35,F,4,1,2,35000 - 50000,Multi,N,2,N,0,Healthy
51-65,M,3,1,3,35000 - 50000,Multi,Q,2,N,2,Healthy
51-65,M,3,1,3,35000 - 50000,Multi,N,2,Y,3,Healthy
51-65,M,3,1,3,35000 - 50000,Multi,Q,2,N,5,Healthy
51-65,M,5,2,3,50000 +,Multi,Q,2,N,5,Healthy
51-65,M,3,2,4,20000 - 35000,Multi,N,2,Y,2,Healthy
36-50,F,3,0,4,35000 - 50000,Multi,N,2,Y,4,Healthy
66+,F,3,2,4,35000 - 50000,Multi,N,2,Y,6,Healthy
18-25,F,3,1,4,35000 - 50000,Multi,N,2,N,2,Healthy
36-50,M,3,1,4,35000 - 50000,Multi,N,2,N,2,Healthy
36-50,M,3,0,4,35000 - 50000,Multi,N,2,N,1,Healthy
66+,F,3,1,4,35000 - 50000,Multi,N,2,Y,1,Healthy
26-35,M,4,0,4,50000 +,Multi,N,2,N,5,Healthy
26-35,M,4,0,4,50000 +,Multi,N,2,N,0,Healthy
36-50,M,4,1,4,50000 +,Multi,N,2,N,6,Healthy
66+,F,3,2,4,20000 - 35000,Multi,N,2,Y,5,Healthy
18-25,M,3,2,4,35000 - 50000,Multi,N,2,Y,3,Healthy
26-35,F,3,1,4,35000 - 50000,Multi,N,2,N,2,Healthy
36-50,F,3,2,4,35000 - 50000,Multi,N,2,N,5,Healthy
36-50,F,3,1,4,35000 - 50000,Multi,N,2,Y,0,Healthy
36-50,F,3,2,4,35000 - 50000,Multi,N,2,Y,5,Healthy
36-50,M,3,1,4,35000 - 50000,Multi,N,2,Y,3,Healthy
36-50,M,3,2,4,35000 - 50000,Multi,N,2,N,4,Healthy
36-50,F,3,2,4,35000 - 50000,Multi,N,2,Y,3,Healthy
51-65,M,3,1,4,35000 - 50000,Multi,N,2,Y,2,Healthy
51-65,M,3,0,4,35000 - 50000,Multi,N,2,Y,2,Healthy
51-65,M,3,1,4,35000 - 50000,Multi,N,2,N,5,Healthy
51-65,M,3,1,4,35000 - 50000,Multi,N,2,N,2,Healthy
51-65,M,3,0,4,35000 - 50000,Multi,N,2,N,2,Healthy
66+,F,3,0,4,50000 +,Multi,N,2,N,5,Healthy
66+,F,3,2,4,50000 +,Multi,N,2,N,2,Healthy
26-35,F,4,2,4,20000 - 35000,Multi,N,2,Y,1,Healthy
26-35,M,4,2,4,20000 - 35000,Multi,N,2,Y,2,Healthy
36-50,F,4,2,4,20000 - 35000,Multi,N,2,Y,1,Healthy
36-50,M,4,2,4,20000 - 35000,Multi,N,2,Y,5,Healthy
18-25,F,4,0,4,35000 - 50000,Multi,N,2,N,3,Healthy
36-50,F,4,1,4,35000 - 50000,Multi,N,2,Y,2,Healthy
18-25,M,4,1,4,50000 +,Multi,N,2,N,0,Healthy
26-35,M,4,1,4,50000 +,Multi,N,2,N,0,Healthy
36-50,F,4,2,4,50000 +,Multi,N,2,Y,0,Healthy
66+,F,4,0,4,50000 +,Multi,N,2,Y,2,Healthy
51-65,M,5,2,4,20000 - 35000,Multi,N,2,Y,4,Healthy
26-35,F,5,1,4,35000 - 50000,Multi,N,2,N,5,Healthy
26-35,F,5,2,4,35000 - 50000,Multi,N,2,N,2,Healthy
66+,F,5,1,4,35000 - 50000,Multi,N,2,Y,0,Healthy
66+,F,5,0,4,35000 - 50000,Multi,N,2,N,0,Healthy
18-25,M,5,0,4,50000 +,Multi,N,2,N,2,Healthy
18-25,M,5,2,4,50000 +,Multi,N,2,N,2,Healthy
36-50,F,5,0,4,50000 +,Multi,N,2,N,3,Healthy
36-50,M,5,2,4,50000 +,Multi,N,2,Y,5,Healthy
36-50,M,5,2,4,50000 +,Multi,N,2,N,0,Healthy
51-65,M,1,2,5,20000 - 35000,Multi,Q,2,Y,5,Healthy
51-65,M,3,1,5,35000 - 50000,Multi,Q,2,Y,3,Healthy
26-35,F,3,0,5,50000 +,Multi,Q,2,Y,1,Healthy
51-65,M,5,2,5,20000 - 35000,Multi,Q,2,N,4,Healthy
26-35,M,2,2,2,20000 - 35000,Multi,N,3,N,1,Healthy
36-50,F,2,2,2,20000 - 35000,Multi,N,3,Y,3,Healthy
36-50,F,2,2,2,20000 - 35000,Multi,N,3,N,4,Healthy
26-35,M,2,2,2,35000 - 50000,Multi,N,3,N,2,Healthy
26-35,M,2,1,2,35000 - 50000,Multi,N,3,Y,4,Healthy
36-50,F,2,1,2,35000 - 50000,Multi,N,3,Y,2,Healthy
36-50,M,2,1,2,35000 - 50000,Multi,N,3,Y,1,Healthy
51-65,M,2,1,2,35000 - 50000,Multi,N,3,Y,2,Healthy
18-25,F,3,2,2,20000 - 35000,Multi,N,3,N,4,Healthy
36-50,F,3,2,2,20000 - 35000,Multi,N,3,N,0,Healthy
36-50,M,3,2,2,20000 - 35000,Multi,N,3,Y,2,Healthy
36-50,F,3,2,2,20000 - 35000,Multi,N,3,N,5,Healthy
26-35,M,3,1,2,35000 - 50000,Multi,N,3,Y,2,Healthy
66+,F,3,0,2,35000 - 50000,Multi,N,3,Y,5,Healthy
66+,F,3,0,2,35000 - 50000,Multi,N,3,N,0,Healthy
26-35,F,4,2,2,20000 - 35000,Multi,N,3,Y,2,Healthy
26-35,M,4,2,2,20000 - 35000,Multi,N,3,Y,2,Healthy
26-35,M,4,2,2,20000 - 35000,Multi,N,3,N,5,Healthy
26-35,M,4,0,2,35000 - 50000,Multi,N,3,N,3,Healthy
26-35,M,4,2,2,35000 - 50000,Multi,N,3,Y,1,Healthy
36-50,F,4,0,2,35000 - 50000,Multi,N,3,Y,2,Healthy
66+,F,4,1,2,35000 - 50000,Multi,N,3,N,0,Healthy
66+,F,4,1,2,35000 - 50000,Multi,N,3,Y,2,Healthy
66+,F,5,2,2,20000 - 35000,Multi,N,3,N,1,Healthy
66+,F,5,2,2,20000 - 35000,Multi,N,3,N,4,Healthy
66+,F,5,2,2,20000 - 35000,Multi,N,3,Y,3,Healthy
18-25,M,5,1,2,35000 - 50000,Multi,N,3,Y,2,Healthy
36-50,F,5,1,2,35000 - 50000,Multi,N,3,Y,5,Healthy
36-50,M,5,0,2,35000 - 50000,Multi,N,3,N,3,Healthy
36-50,F,5,0,2,35000 - 50000,Multi,N,3,Y,0,Healthy
18-25,M,1,1,4,50000 +,Multi,N,3,Y,2,Healthy
26-35,M,1,1,4,50000 +,Multi,N,3,N,2,Healthy
66+,F,2,2,4,50000 +,Multi,N,3,N,3,Healthy
36-50,M,3,2,4,50000 +,Multi,N,3,N,1,Healthy
66+,F,3,1,4,50000 +,Multi,N,3,Y,5,Healthy
36-50,M,3,2,5,20000 - 35000,Multi,Q,3,Y,6,Healthy
36-50,F,1,2,5,50000 +,Multi,Q,3,N,3,Healthy
66+,F,2,1,5,35000 - 50000,Multi,Q,3,Y,3,Healthy
66+,F,2,1,5,35000 - 50000,Multi,Q,3,Y,2,Healthy
26-35,M,2,2,5,50000 +,Multi,Q,3,N,0,Healthy
36-50,F,2,0,5,50000 +,Multi,Q,3,N,5,Healthy
36-50,M,2,2,5,50000 +,Multi,Q,3,Y,5,Healthy
36-50,F,2,2,5,50000 +,Multi,Q,3,N,2,Healthy
36-50,F,2,2,5,50000 +,Multi,Q,3,N,0,Healthy
66+,F,3,2,5,20000 - 35000,Multi,Q,3,N,2,Healthy
66+,F,3,2,5,20000 - 35000,Multi,Q,3,Y,6,Healthy
26-35,M,3,2,5,35000 - 50000,Multi,Q,3,Y,0,Healthy
36-50,F,3,1,5,35000 - 50000,Multi,Q,3,N,6,Healthy
36-50,M,3,1,5,35000 - 50000,Multi,Q,3,N,3,Healthy
36-50,F,3,1,5,35000 - 50000,Multi,Q,3,Y,0,Healthy
36-50,M,3,1,5,35000 - 50000,Multi,Q,3,Y,5,Healthy
36-50,M,3,1,5,35000 - 50000,Multi,Q,3,N,5,Healthy
26-35,F,3,2,5,50000 +,Multi,Q,3,Y,0,Healthy
36-50,M,3,0,5,50000 +,Multi,Q,3,N,3,Healthy
51-65,M,3,0,5,50000 +,Multi,Q,3,N,0,Healthy
26-35,M,4,1,5,50000 +,Multi,N,3,Y,1,Healthy
36-50,F,4,1,5,50000 +,Multi,N,3,N,2,Healthy
36-50,M,4,1,5,50000 +,Multi,N,3,N,3,Healthy
36-50,F,4,2,5,20000 - 35000,Multi,Q,3,Y,3,Healthy
26-35,F,4,1,5,35000 - 50000,Multi,Q,3,N,0,Healthy
36-50,M,4,1,5,35000 - 50000,Multi,Q,3,N,1,Healthy
36-50,F,4,1,5,35000 - 50000,Multi,Q,3,Y,2,Healthy
36-50,F,4,1,5,35000 - 50000,Multi,Q,3,Y,3,Healthy
26-35,M,4,0,5,50000 +,Multi,Q,3,N,2,Healthy
26-35,M,4,2,5,50000 +,Multi,Q,3,N,0,Healthy
66+,F,4,2,5,50000 +,Multi,Q,3,N,0,Healthy
66+,F,4,2,5,50000 +,Multi,Q,3,N,5,Healthy
66+,F,4,2,5,50000 +,Multi,Q,3,Y,2,Healthy
26-35,M,5,2,5,20000 - 35000,Multi,Q,3,Y,0,Healthy
26-35,M,2,2,2,35000 - 50000,Single,N,1,N,1,Healthy
51-65,M,2,1,2,35000 - 50000,Single,N,1,N,3,Healthy
51-65,M,2,2,2,35000 - 50000,Single,N,1,N,0,Healthy
51-65,M,2,1,0,35000 - 50000,Single,N,1,N,2,Healthy
51-65,M,2,1,0,35000 - 50000,Single,N,1,N,2,Healthy
36-50,F,5,0,3,50000 +,Single,N,1,N,4,Healthy
51-65,M,4,2,0,50000 +,Single,N,1,N,3,Healthy
36-50,M,5,1,0,35000 - 50000,Single,N,1,N,0,Healthy
36-50,F,4,2,1,50000 +,Single,Q,1,N,5,Healthy
51-65,F,4,1,2,50000 +,Single,N,1,N,5,Healthy
51-65,M,4,0,2,50000 +,Single,N,1,N,5,Healthy
36-50,F,4,1,1,35000 - 50000,Single,Q,1,N,5,Healthy
26-35,M,5,0,1,35000 - 50000,Single,N,1,N,4,Healthy
26-35,F,5,2,1,20000 - 35000,Single,Q,1,N,2,Healthy
26-35,F,3,1,2,50000 +,Single,N,1,N,2,Healthy
36-50,M,3,1,2,50000 +,Single,N,1,N,5,Healthy
51-65,M,4,2,2,20000 - 35000,Single,N,1,Y,5,Healthy
36-50,F,4,0,2,35000 - 50000,Single,N,1,N,2,Healthy
51-65,M,4,1,2,35000 - 50000,Single,N,1,Y,3,Healthy
26-35,M,5,1,3,50000 +,Single,N,1,N,0,Healthy
51-65,F,3,0,3,50000 +,Single,Q,1,N,5,Healthy
18-25,M,3,2,3,20000 - 35000,Single,N,1,N,4,Healthy
51-65,F,3,2,3,20000 - 35000,Single,N,1,N,2,Healthy
51-65,M,3,2,3,20000 - 35000,Single,N,1,N,1,Healthy
18-25,F,3,2,3,35000 - 50000,Single,N,1,N,2,Healthy
26-35,F,3,1,3,35000 - 50000,Single,N,1,N,1,Healthy
26-35,F,3,1,3,35000 - 50000,Single,N,1,N,2,Healthy
36-50,F,3,1,3,35000 - 50000,Single,N,1,N,5,Healthy
36-50,M,3,0,3,35000 - 50000,Single,N,1,N,0,Healthy
66+,F,3,2,3,35000 - 50000,Single,N,1,N,5,Healthy
51-65,F,3,2,3,50000 +,Single,N,1,N,2,Healthy
26-35,M,3,2,3,20000 - 35000,Single,Q,1,N,0,Healthy
36-50,M,3,1,3,35000 - 50000,Single,Q,1,N,2,Healthy
51-65,F,3,1,3,35000 - 50000,Single,Q,1,N,3,Healthy
51-65,F,3,1,3,35000 - 50000,Single,Q,1,N,0,Healthy
51-65,M,3,1,3,35000 - 50000,Single,Q,1,N,4,Healthy
51-65,M,3,1,3,35000 - 50000,Single,Q,1,N,1,Healthy
66+,F,3,1,3,35000 - 50000,Single,Q,1,N,2,Healthy
26-35,F,3,2,3,50000 +,Single,Q,1,N,5,Healthy
26-35,F,3,2,3,50000 +,Single,Q,1,N,2,Healthy
26-35,F,3,0,3,50000 +,Single,Q,1,N,2,Healthy
51-65,M,3,0,3,50000 +,Single,Q,1,N,5,Healthy
51-65,M,3,2,3,50000 +,Single,Q,1,N,0,Healthy
18-25,M,4,1,3,20000 - 35000,Single,N,1,N,2,Healthy
26-35,F,4,2,3,20000 - 35000,Single,N,1,N,4,Healthy
26-35,F,4,2,3,20000 - 35000,Single,N,1,N,2,Healthy
26-35,M,4,2,3,20000 - 35000,Single,N,1,N,5,Healthy
51-65,M,4,2,3,20000 - 35000,Single,N,1,N,4,Healthy
26-35,M,4,1,3,35000 - 50000,Single,N,1,N,2,Healthy
26-35,M,4,1,3,35000 - 50000,Single,N,1,N,2,Healthy
26-35,M,4,1,3,35000 - 50000,Single,N,1,N,1,Healthy
26-35,F,4,0,3,50000 +,Single,N,1,N,5,Healthy
36-50,M,4,2,3,20000 - 35000,Single,Q,1,N,2,Healthy
51-65,F,4,2,3,20000 - 35000,Single,Q,1,N,3,Healthy
26-35,M,4,1,3,35000 - 50000,Single,Q,1,N,5,Healthy
26-35,F,4,1,3,35000 - 50000,Single,Q,1,N,3,Healthy
26-35,M,4,1,3,35000 - 50000,Single,Q,1,N,0,Healthy
26-35,M,4,1,3,35000 - 50000,Single,Q,1,N,0,Healthy
36-50,M,4,2,3,50000 +,Single,Q,1,N,2,Healthy
26-35,M,5,2,3,20000 - 35000,Single,N,1,N,0,Healthy
26-35,M,5,0,3,50000 +,Single,N,1,N,2,Healthy
51-65,F,5,2,3,20000 - 35000,Single,Q,1,N,5,Healthy
51-65,M,5,2,3,20000 - 35000,Single,Q,1,N,5,Healthy
36-50,F,5,1,3,35000 - 50000,Single,Q,1,N,3,Healthy
51-65,M,5,2,3,35000 - 50000,Single,Q,1,N,5,Healthy
26-35,M,5,2,3,50000 +,Single,Q,1,N,2,Healthy
26-35,M,5,2,3,50000 +,Single,Q,1,N,2,Healthy
51-65,M,5,2,4,20000 - 35000,Single,Q,1,N,2,Healthy
26-35,F,3,1,5,35000 - 50000,Single,Q,1,Y,2,Healthy
26-35,F,4,2,5,20000 - 35000,Single,Q,1,N,4,Healthy
26-35,F,4,0,5,50000 +,Single,Q,1,Y,5,Healthy
18-25,M,2,2,1,20000 - 35000,Single,Q,2,N,3,Healthy
18-25,M,2,2,1,20000 - 35000,Single,Q,2,N,1,Healthy
36-50,M,2,2,1,20000 - 35000,Single,Q,2,N,2,Healthy
36-50,M,2,2,1,35000 - 50000,Single,Q,2,N,3,Healthy
51-65,F,3,1,1,35000 - 50000,Single,Q,2,N,0,Healthy
51-65,F,4,1,1,35000 - 50000,Single,Q,2,N,5,Healthy
51-65,F,3,2,1,20000 - 35000,Single,Q,2,N,0,Healthy
18-25,F,3,1,1,35000 - 50000,Single,Q,2,N,2,Healthy
18-25,M,3,1,1,35000 - 50000,Single,Q,2,N,6,Healthy
51-65,F,3,2,1,35000 - 50000,Single,Q,2,N,1,Healthy
51-65,M,3,1,1,35000 - 50000,Single,Q,2,N,3,Healthy
66+,F,3,1,1,35000 - 50000,Single,Q,2,N,5,Healthy
26-35,M,3,2,1,50000 +,Single,Q,2,N,0,Healthy
36-50,M,3,2,3,50000 +,Single,Q,2,N,5,Healthy
51-65,F,4,2,1,20000 - 35000,Single,Q,2,N,3,Healthy
51-65,M,4,2,1,20000 - 35000,Single,Q,2,N,3,Healthy
51-65,M,4,2,1,20000 - 35000,Single,Q,2,N,5,Healthy
51-65,M,4,2,4,20000 - 35000,Single,Q,2,N,3,Healthy
26-35,M,4,1,1,35000 - 50000,Single,Q,2,N,3,Healthy
26-35,M,4,2,1,35000 - 50000,Single,Q,2,N,0,Healthy
36-50,M,4,0,1,50000 +,Single,Q,2,N,0,Healthy
51-65,F,4,2,1,50000 +,Single,Q,2,N,5,Healthy
51-65,M,4,2,1,50000 +,Single,Q,2,N,5,Healthy
26-35,M,5,2,1,20000 - 35000,Single,Q,2,N,0,Healthy
26-35,M,5,0,1,50000 +,Single,Q,2,N,5,Healthy
26-35,M,5,2,1,50000 +,Single,Q,2,N,2,Healthy
51-65,F,5,0,1,50000 +,Single,Q,2,N,2,Healthy
66+,F,3,2,4,20000 - 35000,Single,N,2,Y,4,Healthy
26-35,M,3,2,4,20000 - 35000,Single,N,2,N,2,Healthy
26-35,M,3,1,4,35000 - 50000,Single,N,2,Y,0,Healthy
26-35,M,3,2,4,35000 - 50000,Single,N,2,Y,2,Healthy
26-35,M,3,1,4,35000 - 50000,Single,N,2,Y,2,Healthy
36-50,M,3,1,4,35000 - 50000,Single,N,2,N,0,Healthy
36-50,M,3,1,4,35000 - 50000,Single,N,2,N,4,Healthy
51-65,F,3,1,4,35000 - 50000,Single,N,2,Y,3,Healthy
51-65,M,3,0,4,35000 - 50000,Single,N,2,N,4,Healthy
26-35,F,3,0,4,50000 +,Single,N,2,Y,0,Healthy
51-65,F,3,1,4,50000 +,Single,N,2,Y,2,Healthy
51-65,F,3,0,4,50000 +,Single,N,2,Y,2,Healthy
51-65,M,3,1,4,50000 +,Single,N,2,N,1,Healthy
51-65,M,3,2,4,50000 +,Single,N,2,Y,1,Healthy
36-50,M,4,2,4,20000 - 35000,Single,N,2,Y,2,Healthy
26-35,M,4,1,4,35000 - 50000,Single,N,2,Y,2,Healthy
26-35,M,4,2,4,50000 +,Single,N,2,N,3,Healthy
66+,F,4,1,4,50000 +,Single,N,2,N,2,Healthy
26-35,M,5,2,4,20000 - 35000,Single,N,2,N,3,Healthy
36-50,M,5,2,4,20000 - 35000,Single,N,2,Y,2,Healthy
26-35,M,5,0,4,35000 - 50000,Single,N,2,N,0,Healthy
51-65,F,5,1,4,35000 - 50000,Single,N,2,N,4,Healthy
51-65,M,5,1,4,35000 - 50000,Single,N,2,Y,5,Healthy
51-65,M,5,2,4,35000 - 50000,Single,N,2,N,2,Healthy
26-35,F,4,2,5,20000 - 35000,Single,Q,2,Y,5,Healthy
26-35,M,2,2,2,20000 - 35000,Single,N,3,Y,0,Healthy
36-50,M,2,1,2,35000 - 50000,Single,N,3,Y,2,Healthy
51-65,F,2,1,2,35000 - 50000,Single,N,3,N,0,Healthy
51-65,F,2,0,2,35000 - 50000,Single,N,3,N,5,Healthy
51-65,M,2,0,2,35000 - 50000,Single,N,3,Y,4,Healthy
66+,F,3,1,2,35000 - 50000,Single,N,3,Y,2,Healthy
51-65,F,4,2,2,20000 - 35000,Single,N,3,Y,3,Healthy
51-65,F,4,2,2,20000 - 35000,Single,N,3,Y,0,Healthy
51-65,M,4,2,2,20000 - 35000,Single,N,3,N,5,Healthy
26-35,M,4,1,2,35000 - 50000,Single,N,3,N,5,Healthy
26-35,M,4,1,2,35000 - 50000,Single,N,3,Y,0,Healthy
26-35,M,4,0,2,35000 - 50000,Single,N,3,Y,1,Healthy
26-35,M,4,2,2,35000 - 50000,Single,N,3,N,0,Healthy
26-35,M,5,2,2,20000 - 35000,Single,N,3,N,2,Healthy
51-65,M,5,2,2,20000 - 35000,Single,N,3,N,2,Healthy
26-35,M,5,1,2,35000 - 50000,Single,N,3,N,3,Healthy
26-35,M,5,0,2,50000 +,Single,N,3,Y,6,Healthy
51-65,F,3,2,3,35000 - 50000,Single,N,3,N,1,Healthy
51-65,M,3,1,3,35000 - 50000,Single,N,3,Y,4,Healthy
51-65,M,3,1,3,35000 - 50000,Single,N,3,Y,1,Healthy
51-65,M,2,1,4,50000 +,Single,N,3,N,0,Healthy
26-35,M,3,2,4,50000 +,Single,N,3,Y,0,Healthy
51-65,M,2,2,5,20000 - 35000,Single,Q,3,Y,3,Healthy
18-25,F,2,2,5,35000 - 50000,Single,Q,3,Y,5,Healthy
26-35,M,5,1,5,35000 - 50000,Single,Q,3,Y,2,Healthy
51-65,M,5,2,5,35000 - 50000,Single,Q,3,Y,0,Healthy
18-25,M,3,0,5,20000 - 35000,Single,Q,3,Y,2,Healthy
51-65,M,3,2,5,20000 - 35000,Single,Q,3,Y,1,Healthy
18-25,F,3,1,5,35000 - 50000,Single,Q,3,N,2,Healthy
26-35,M,3,1,5,35000 - 50000,Single,Q,3,Y,0,Healthy
26-35,M,3,1,5,35000 - 50000,Single,Q,3,Y,2,Healthy
36-50,M,3,1,5,35000 - 50000,Single,Q,3,N,0,Healthy
36-50,M,3,1,5,35000 - 50000,Single,Q,3,N,5,Healthy
51-65,F,3,2,5,50000 +,Single,Q,3,Y,2,Healthy
51-65,F,3,2,5,50000 +,Single,Q,3,Y,2,Healthy
51-65,M,3,2,5,50000 +,Single,Q,3,N,3,Healthy
26-35,M,4,0,5,50000 +,Single,N,3,Y,2,Healthy
36-50,M,4,0,5,50000 +,Single,N,3,N,2,Healthy
36-50,M,4,2,5,50000 +,Single,N,3,N,2,Healthy
18-25,M,4,2,5,20000 - 35000,Single,Q,3,N,2,Healthy
26-35,M,4,2,5,20000 - 35000,Single,Q,3,N,3,Healthy
26-35,M,4,2,5,20000 - 35000,Single,Q,3,N,2,Healthy
51-65,F,4,1,5,35000 - 50000,Single,Q,3,Y,3,Healthy
18-25,M,4,2,5,50000 +,Single,Q,3,N,0,Healthy
18-25,M,4,2,5,50000 +,Single,Q,3,N,3,Healthy
51-65,M,4,0,5,50000 +,Single,Q,3,N,5,Healthy
51-65,F,5,2,5,50000 +,Single,N,3,Y,5,Healthy
26-35,M,5,2,5,20000 - 35000,Single,Q,3,N,2,Healthy
36-50,M,5,2,5,20000 - 35000,Single,Q,3,Y,3,Healthy
36-50,M,5,2,5,20000 - 35000,Single,Q,3,Y,0,Healthy
26-35,M,5,1,5,35000 - 50000,Single,Q,3,Y,3,Healthy
51-65,F,5,1,5,35000 - 50000,Single,Q,3,N,4,Healthy
18-25,F,5,0,5,50000 +,Single,Q,3,N,3,Healthy
26-35,M,5,0,5,50000 +,Single,Q,3,N,0,Healthy
26-35,M,1,2,0,20000 - 35000,Multi,N,1,N,2,Obese
36-50,F,1,2,0,20000 - 35000,Multi,N,1,N,6,Obese
36-50,M,1,2,0,20000 - 35000,Multi,N,1,N,1,Obese
26-35,F,1,0,0,35000 - 50000,Multi,N,1,N,0,Obese
26-35,M,1,1,0,35000 - 50000,Multi,N,1,N,1,Obese
36-50,F,1,1,0,35000 - 50000,Multi,Q,1,N,5,Obese
36-50,M,1,1,0,35000 - 50000,Multi,Q,1,N,5,Obese
66+,F,1,2,0,35000 - 50000,Multi,Q,1,N,3,Obese
26-35,F,2,2,0,20000 - 35000,Multi,N,1,N,5,Obese
36-50,F,2,2,0,20000 - 35000,Multi,N,1,N,2,Obese
26-35,M,2,1,0,35000 - 50000,Multi,N,1,N,5,Obese
66+,F,2,0,0,35000 - 50000,Multi,N,1,N,1,Obese
66+,F,2,1,0,50000 +,Multi,N,1,N,6,Obese
51-65,F,3,2,0,20000 - 35000,Multi,N,1,N,2,Obese
26-35,F,3,1,0,35000 - 50000,Multi,N,1,N,5,Obese
36-50,M,3,1,0,35000 - 50000,Multi,N,1,N,2,Obese
66+,F,3,2,0,35000 - 50000,Multi,N,1,N,4,Obese
51-65,M,3,0,0,50000 +,Multi,N,1,N,0,Obese
51-65,M,3,2,0,50000 +,Multi,N,1,N,4,Obese
18-25,M,3,0,0,50000 +,Multi,Q,1,N,5,Obese
66+,F,4,2,0,20000 - 35000,Multi,N,1,N,5,Obese
36-50,F,4,2,0,35000 - 50000,Multi,N,1,N,3,Obese
36-50,M,4,2,0,50000 +,Multi,Q,1,N,0,Obese
51-65,F,5,1,0,35000 - 50000,Multi,N,1,N,2,Obese
66+,F,5,2,0,50000 +,Multi,N,1,N,5,Obese
51-65,M,1,1,1,35000 - 50000,Multi,Q,1,N,3,Obese
26-35,F,1,1,1,35000 - 50000,Multi,Q,1,N,0,Obese
26-35,F,1,1,1,35000 - 50000,Multi,Q,1,N,1,Obese
36-50,F,2,2,1,50000 +,Multi,Q,1,N,2,Obese
51-65,M,3,2,1,50000 +,Multi,Q,1,N,0,Obese
36-50,F,1,1,2,50000 +,Multi,N,1,N,2,Obese
36-50,M,2,1,2,35000 - 50000,Multi,N,1,N,1,Obese
36-50,F,3,2,2,20000 - 35000,Multi,Q,1,N,5,Obese
36-50,F,3,2,2,20000 - 35000,Multi,Q,1,N,6,Obese
51-65,M,4,2,2,20000 - 35000,Multi,N,1,Y,0,Obese
36-50,M,4,1,2,50000 +,Multi,N,1,Y,2,Obese
18-25,M,4,2,2,20000 - 35000,Multi,Q,1,N,3,Obese
51-65,M,4,2,2,20000 - 35000,Multi,Q,1,N,0,Obese
51-65,M,4,2,2,20000 - 35000,Multi,Q,1,N,5,Obese
66+,F,4,1,2,35000 - 50000,Multi,Q,1,N,2,Obese
26-35,M,1,2,3,20000 - 35000,Multi,Q,1,N,5,Obese
66+,F,1,2,3,20000 - 35000,Multi,Q,1,N,1,Obese
18-25,F,1,1,3,35000 - 50000,Multi,Q,1,N,6,Obese
26-35,M,1,2,3,35000 - 50000,Multi,Q,1,N,0,Obese
36-50,F,1,0,3,50000 +,Multi,Q,1,N,0,Obese
51-65,M,1,2,3,20000 - 35000,Multi,Q,1,N,3,Obese
18-25,F,2,2,3,20000 - 35000,Multi,Q,1,N,5,Obese
26-35,F,2,2,3,20000 - 35000,Multi,Q,1,N,5,Obese
66+,F,2,2,2,20000 - 35000,Multi,Q,1,N,5,Obese
26-35,M,2,1,2,35000 - 50000,Multi,Q,1,N,6,Obese
36-50,M,2,1,2,35000 - 50000,Multi,Q,1,N,3,Obese
51-65,M,2,1,2,35000 - 50000,Multi,Q,1,N,3,Obese
18-25,M,2,2,2,50000 +,Multi,Q,1,N,5,Obese
26-35,M,2,0,2,50000 +,Multi,Q,1,N,5,Obese
51-65,M,2,2,2,20000 - 35000,Multi,Q,1,N,5,Obese
66+,F,3,2,2,50000 +,Multi,Q,1,N,3,Obese
51-65,F,4,2,3,35000 - 50000,Multi,Q,1,N,0,Obese
51-65,M,4,1,3,35000 - 50000,Multi,Q,1,N,2,Obese
36-50,F,5,1,3,35000 - 50000,Multi,Q,1,N,6,Obese
66+,F,5,1,3,35000 - 50000,Multi,Q,1,N,3,Obese
51-65,M,4,2,2,20000 - 35000,Multi,N,1,N,2,Obese
66+,F,2,1,2,35000 - 50000,Multi,Q,1,N,2,Obese
51-65,M,1,1,0,35000 - 50000,Multi,N,2,N,5,Obese
26-35,M,1,2,1,20000 - 35000,Multi,Q,2,N,2,Obese
36-50,F,1,2,1,20000 - 35000,Multi,Q,2,N,0,Obese
26-35,M,1,1,1,35000 - 50000,Multi,Q,2,N,1,Obese
66+,F,1,2,1,50000 +,Multi,Q,2,N,5,Obese
18-25,M,1,1,1,35000 - 50000,Multi,N,2,Y,3,Obese
26-35,M,1,2,1,35000 - 50000,Multi,N,2,Y,0,Obese
36-50,M,2,2,1,20000 - 35000,Multi,Q,2,N,1,Obese
26-35,M,2,1,1,35000 - 50000,Multi,Q,2,N,4,Obese
66+,F,2,0,1,50000 +,Multi,Q,2,N,3,Obese
36-50,F,2,0,1,50000 +,Multi,N,2,N,0,Obese
36-50,M,2,1,1,50000 +,Multi,N,2,Y,2,Obese
51-65,M,2,1,1,50000 +,Multi,N,2,Y,4,Obese
51-65,M,3,2,1,20000 - 35000,Multi,Q,2,N,5,Obese
51-65,F,3,2,1,20000 - 35000,Multi,Q,2,N,2,Obese
36-50,F,3,1,1,35000 - 50000,Multi,Q,2,N,4,Obese
66+,F,3,1,1,35000 - 50000,Multi,Q,2,N,5,Obese
36-50,M,4,1,1,35000 - 50000,Multi,Q,2,N,2,Obese
66+,F,4,2,1,35000 - 50000,Multi,Q,2,N,5,Obese
66+,F,4,1,1,50000 +,Multi,N,2,Y,3,Obese
51-65,F,5,1,1,35000 - 50000,Multi,Q,2,N,2,Obese
26-35,M,1,2,2,20000 - 35000,Multi,N,2,Y,5,Obese
51-65,M,1,2,2,20000 - 35000,Multi,N,2,Y,0,Obese
36-50,M,1,0,2,50000 +,Multi,N,2,Y,5,Obese
66+,F,2,2,2,20000 - 35000,Multi,N,2,N,2,Obese
51-65,M,3,2,2,20000 - 35000,Multi,N,2,Y,5,Obese
18-25,M,0,0,4,20000 - 35000,Multi,N,2,Y,6,Obese
18-25,F,2,2,4,20000 - 35000,Multi,N,2,Y,5,Obese
36-50,F,3,2,4,20000 - 35000,Multi,N,2,Y,6,Obese
66+,F,3,2,4,20000 - 35000,Multi,N,2,Y,5,Obese
51-65,M,4,1,2,35000 - 50000,Multi,N,2,N,2,Obese
51-65,F,4,2,2,35000 - 50000,Multi,N,2,Y,0,Obese
66+,F,5,1,4,35000 - 50000,Multi,N,1,N,4,Obese
51-65,M,3,0,2,50000 +,Multi,Q,1,Y,2,Obese
26-35,M,2,2,1,50000 +,Multi,Q,1,Y,6,Obese
26-35,M,1,2,2,20000 - 35000,Multi,N,3,N,2,Obese
18-25,F,1,0,2,35000 - 50000,Multi,N,3,Y,5,Obese
36-50,M,1,1,2,35000 - 50000,Multi,N,3,Y,4,Obese
51-65,F,1,1,2,50000 +,Multi,N,3,Y,2,Obese
66+,F,1,1,2,35000 - 50000,Multi,Q,3,Y,0,Obese
66+,F,1,1,2,35000 - 50000,Multi,Q,3,N,5,Obese
26-35,M,1,2,2,50000 +,Multi,Q,3,N,5,Obese
66+,F,2,2,2,20000 - 35000,Multi,N,3,Y,5,Obese
26-35,M,2,0,2,35000 - 50000,Multi,N,3,Y,4,Obese
51-65,M,2,1,2,35000 - 50000,Multi,N,3,N,3,Obese
36-50,M,2,0,2,50000 +,Multi,Q,3,Y,2,Obese
18-25,M,3,2,2,20000 - 35000,Multi,N,3,N,6,Obese
18-25,M,3,2,2,20000 - 35000,Multi,N,3,N,1,Obese
36-50,F,3,2,2,20000 - 35000,Multi,N,3,N,4,Obese
36-50,M,3,2,2,20000 - 35000,Multi,N,3,N,5,Obese
51-65,F,3,2,2,20000 - 35000,Multi,N,3,N,0,Obese
18-25,M,3,0,2,35000 - 50000,Multi,N,3,Y,5,Obese
66+,F,3,1,2,35000 - 50000,Multi,N,3,N,6,Obese
66+,F,3,0,2,50000 +,Multi,N,3,N,3,Obese
66+,F,4,2,2,35000 - 50000,Multi,N,3,Y,2,Obese
66+,F,3,2,2,20000 - 35000,Multi,Q,3,Y,5,Obese
66+,F,3,2,2,35000 - 50000,Multi,Q,3,N,3,Obese
36-50,F,4,2,3,35000 - 50000,Multi,Q,3,Y,2,Obese
36-50,M,4,2,3,35000 - 50000,Multi,Q,3,Y,5,Obese
51-65,F,4,1,3,35000 - 50000,Multi,Q,3,Y,0,Obese
36-50,F,5,2,3,20000 - 35000,Multi,Q,1,Y,0,Obese
26-35,M,1,1,2,35000 - 50000,Multi,Q,1,Y,0,Obese
66+,F,2,1,2,35000 - 50000,Multi,Q,1,N,1,Obese
51-65,M,3,2,2,50000 +,Multi,Q,1,Y,4,Obese
66+,F,4,2,5,50000 +,Multi,Q,1,Y,4,Obese
36-50,M,1,2,0,20000 - 35000,Single,N,1,N,3,Obese
26-35,F,1,2,0,35000 - 50000,Single,N,1,N,5,Obese
51-65,F,1,1,0,35000 - 50000,Single,N,1,N,4,Obese
18-25,M,1,2,0,50000 +,Single,N,1,N,1,Obese
26-35,F,1,2,0,50000 +,Single,N,1,N,6,Obese
51-65,F,2,2,0,20000 - 35000,Single,N,1,N,1,Obese
18-25,M,2,1,0,35000 - 50000,Single,N,1,N,5,Obese
26-35,F,3,1,0,35000 - 50000,Single,N,1,N,4,Obese
51-65,F,3,1,0,35000 - 50000,Single,N,1,N,5,Obese
66+,M,3,1,0,35000 - 50000,Single,N,1,N,0,Obese
26-35,M,4,0,0,35000 - 50000,Single,N,1,N,5,Obese
51-65,M,4,1,0,50000 +,Single,N,1,N,0,Obese
51-65,F,4,0,0,50000 +,Single,N,1,N,4,Obese
66+,M,5,0,0,50000 +,Single,N,1,N,3,Obese
26-35,M,1,1,1,35000 - 50000,Single,Q,1,N,2,Obese
51-65,F,3,1,1,35000 - 50000,Single,N,1,N,5,Obese
51-65,M,2,0,2,50000 +,Single,N,1,N,2,Obese
51-65,M,3,1,2,35000 - 50000,Single,Q,1,N,2,Obese
26-35,M,1,2,3,20000 - 35000,Single,Q,1,N,6,Obese
51-65,M,1,2,3,20000 - 35000,Single,Q,1,N,2,Obese
51-65,F,1,2,3,20000 - 35000,Single,Q,1,N,2,Obese
51-65,F,1,2,3,50000 +,Single,Q,1,N,0,Obese
66+,M,2,2,3,20000 - 35000,Single,Q,1,N,2,Obese
66+,F,2,2,3,20000 - 35000,Single,Q,1,N,4,Obese
51-65,F,2,2,2,20000 - 35000,Single,Q,1,N,3,Obese
51-65,F,3,1,2,35000 - 50000,Single,Q,1,N,5,Obese
36-50,F,3,1,2,35000 - 50000,Single,Q,1,N,5,Obese
66+,M,4,1,3,35000 - 50000,Single,Q,1,N,2,Obese
36-50,F,3,1,2,35000 - 50000,Single,N,1,N,5,Obese
51-65,F,4,0,5,50000 +,Single,Q,1,Y,3,Obese
51-65,F,2,2,0,20000 - 35000,Single,N,2,N,0,Obese
51-65,M,2,2,0,20000 - 35000,Single,N,2,Y,2,Obese
51-65,F,2,2,0,20000 - 35000,Single,N,2,N,3,Obese
51-65,F,2,2,0,20000 - 35000,Single,N,2,N,3,Obese
18-25,M,1,2,1,20000 - 35000,Single,Q,2,N,5,Obese
18-25,M,1,2,1,35000 - 50000,Single,Q,2,N,4,Obese
18-25,M,2,1,1,35000 - 50000,Single,Q,2,N,5,Obese
26-35,M,2,2,1,35000 - 50000,Single,Q,2,N,6,Obese
26-35,M,2,1,1,35000 - 50000,Single,Q,2,N,5,Obese
26-35,F,2,1,1,35000 - 50000,Single,N,2,N,5,Obese
26-35,F,3,2,1,35000 - 50000,Single,Q,2,N,5,Obese
51-65,F,3,1,1,35000 - 50000,Single,Q,2,N,5,Obese
66+,M,3,1,1,35000 - 50000,Single,Q,2,N,0,Obese
51-65,F,3,0,1,50000 +,Single,Q,2,N,2,Obese
51-65,M,3,2,1,50000 +,Single,Q,2,N,0,Obese
26-35,M,4,2,1,20000 - 35000,Single,Q,2,N,5,Obese
51-65,F,5,2,1,50000 +,Single,Q,2,N,5,Obese
66+,F,5,2,1,50000 +,Single,Q,2,N,3,Obese
36-50,F,3,2,2,20000 - 35000,Single,Q,2,N,3,Obese
26-35,M,2,2,4,20000 - 35000,Single,N,2,N,4,Obese
26-35,M,2,2,4,20000 - 35000,Single,N,2,N,1,Obese
66+,M,2,2,4,20000 - 35000,Single,N,2,Y,0,Obese
51-65,M,4,1,2,35000 - 50000,Single,N,1,N,0,Obese
51-65,F,4,0,4,35000 - 50000,Single,N,1,Y,2,Obese
66+,M,4,0,4,35000 - 50000,Single,N,1,N,2,Obese
18-25,M,1,1,1,35000 - 50000,Single,Q,1,Y,4,Obese
26-35,M,1,1,1,35000 - 50000,Single,Q,1,Y,4,Obese
18-25,M,2,1,1,35000 - 50000,Single,Q,1,Y,3,Obese
66+,F,1,2,2,20000 - 35000,Single,N,3,N,4,Obese
26-35,M,1,1,2,35000 - 50000,Single,N,3,N,6,Obese
66+,M,3,1,2,35000 - 50000,Single,N,3,Y,2,Obese
51-65,F,5,0,2,50000 +,Single,N,3,Y,2,Obese
51-65,M,5,2,2,50000 +,Single,N,3,N,2,Obese
51-65,F,2,2,2,20000 - 35000,Single,Q,3,N,0,Obese
66+,M,3,2,2,20000 - 35000,Single,Q,3,Y,0,Obese
51-65,M,4,1,3,35000 - 50000,Single,Q,1,N,0,Obese
51-65,M,1,1,5,35000 - 50000,Single,Q,1,Y,5,Obese
66+,M,4,0,5,50000 +,Single,Q,1,N,3,Obese
26-35,F,1,2,0,20000 - 35000,Multi,N,1,N,3,Obese
26-35,M,1,2,0,20000 - 35000,Multi,N,1,N,3,Obese
26-35,F,1,1,0,35000 - 50000,Multi,N,1,N,3,Obese
26-35,M,1,1,0,35000 - 50000,Multi,N,1,N,0,Obese
51-65,M,1,2,0,35000 - 50000,Multi,N,1,N,3,Obese
26-35,M,1,1,0,50000 +,Multi,N,1,N,3,Obese
66+,F,1,1,0,50000 +,Multi,N,1,N,2,Obese
66+,F,1,0,0,50000 +,Multi,N,1,N,0,Obese
26-35,M,2,2,0,20000 - 35000,Multi,N,1,N,1,Obese
26-35,M,2,2,0,20000 - 35000,Multi,N,1,N,2,Obese
51-65,M,2,2,0,20000 - 35000,Multi,N,1,N,6,Obese
26-35,F,2,0,0,35000 - 50000,Multi,N,1,N,3,Obese
26-35,M,2,1,0,35000 - 50000,Multi,N,1,N,3,Overweight
26-35,M,2,1,0,35000 - 50000,Multi,N,1,N,2,Overweight
26-35,M,2,1,0,35000 - 50000,Multi,N,1,N,4,Overweight
66+,F,2,1,0,35000 - 50000,Multi,N,1,N,4,Overweight
26-35,F,2,2,0,50000 +,Multi,N,1,N,2,Overweight
26-35,M,2,1,0,50000 +,Multi,N,1,N,2,Overweight
26-35,M,2,0,0,50000 +,Multi,N,1,N,2,Overweight
26-35,M,2,2,0,50000 +,Multi,N,1,N,5,Overweight
36-50,M,2,2,0,50000 +,Multi,N,1,N,2,Overweight
26-35,F,3,2,0,20000 - 35000,Multi,N,1,N,3,Overweight
51-65,M,3,2,0,20000 - 35000,Multi,N,1,N,1,Overweight
51-65,F,3,2,0,20000 - 35000,Multi,N,1,N,4,Overweight
66+,F,3,2,0,20000 - 35000,Multi,N,1,N,4,Overweight
26-35,M,3,2,0,50000 +,Multi,N,1,N,4,Overweight
36-50,M,3,1,0,50000 +,Multi,N,1,N,0,Overweight
36-50,M,3,1,0,50000 +,Multi,N,1,N,5,Overweight
36-50,M,3,0,0,50000 +,Multi,N,1,N,2,Overweight
51-65,M,3,2,0,50000 +,Multi,N,1,N,2,Overweight
66+,F,4,2,0,20000 - 35000,Multi,N,1,N,2,Overweight
26-35,F,4,1,0,50000 +,Multi,N,1,N,4,Overweight
51-65,M,4,1,0,50000 +,Multi,N,1,N,3,Overweight
36-50,M,5,2,0,20000 - 35000,Single,N,1,N,4,Overweight
26-35,F,5,2,0,35000 - 50000,Single,N,1,N,6,Overweight
26-35,M,5,1,0,35000 - 50000,Single,N,1,N,2,Overweight
36-50,M,5,1,0,35000 - 50000,Single,N,1,N,0,Overweight
51-65,M,5,2,0,35000 - 50000,Single,N,1,N,2,Overweight
51-65,M,5,1,0,35000 - 50000,Single,N,1,N,2,Overweight
66+,F,5,0,0,50000 +,Single,N,1,N,5,Overweight
51-65,M,2,1,1,35000 - 50000,Single,Q,1,N,3,Overweight
26-35,F,2,2,1,50000 +,Single,Q,1,N,5,Overweight
26-35,M,3,2,1,35000 - 50000,Single,N,1,N,2,Overweight
26-35,M,3,0,1,35000 - 50000,Single,N,1,N,5,Overweight
66+,F,3,1,1,35000 - 50000,Single,N,1,N,1,Overweight
66+,F,3,1,1,35000 - 50000,Single,N,1,N,0,Overweight
66+,F,3,2,1,35000 - 50000,Single,N,1,N,3,Overweight
26-35,F,3,2,1,50000 +,Single,Q,1,N,3,Overweight
26-35,M,4,2,1,35000 - 50000,Single,N,1,N,2,Overweight
36-50,M,4,2,1,35000 - 50000,Single,N,1,N,4,Overweight
51-65,M,4,1,1,35000 - 50000,Single,N,1,N,5,Overweight
26-35,F,1,2,2,20000 - 35000,Multi,N,1,Y,2,Overweight
26-35,F,1,1,2,35000 - 50000,Multi,N,1,N,0,Overweight
36-50,M,1,2,2,35000 - 50000,Multi,N,1,Y,2,Overweight
26-35,F,2,1,2,35000 - 50000,Multi,N,1,Y,1,Overweight
51-65,M,2,1,2,35000 - 50000,Multi,N,1,Y,5,Overweight
26-35,F,2,2,2,50000 +,Multi,N,1,Y,0,Overweight
26-35,F,3,2,2,20000 - 35000,Multi,N,1,Y,4,Overweight
26-35,F,3,1,2,35000 - 50000,Multi,N,1,N,3,Overweight
26-35,F,3,0,2,50000 +,Multi,N,1,Y,3,Overweight
51-65,M,4,2,2,20000 - 35000,Multi,N,1,N,1,Overweight
51-65,M,4,2,2,50000 +,Multi,N,1,Y,6,Overweight
51-65,F,5,1,2,35000 - 50000,Multi,N,1,N,3,Overweight
26-35,F,0,2,3,50000 +,Multi,Q,1,N,0,Overweight
26-35,M,1,1,3,35000 - 50000,Multi,Q,1,N,3,Overweight
26-35,F,1,2,3,50000 +,Multi,Q,1,N,4,Overweight
26-35,M,1,2,3,50000 +,Multi,Q,1,N,2,Overweight
51-65,M,1,2,3,50000 +,Multi,Q,1,N,3,Overweight
18-25,F,2,2,3,20000 - 35000,Multi,Q,1,N,0,Overweight
26-35,F,2,2,3,20000 - 35000,Multi,Q,1,N,2,Overweight
26-35,F,2,2,3,20000 - 35000,Multi,Q,1,N,3,Overweight
26-35,M,2,2,3,20000 - 35000,Multi,Q,1,N,5,Overweight
26-35,M,2,2,3,20000 - 35000,Multi,Q,1,N,5,Overweight
26-35,M,2,2,3,20000 - 35000,Multi,Q,1,N,3,Overweight
66+,F,2,2,3,20000 - 35000,Single,Q,1,N,0,Overweight
66+,F,2,2,3,20000 - 35000,Single,Q,1,N,2,Overweight
66+,F,2,2,3,20000 - 35000,Single,Q,1,N,2,Overweight
26-35,F,2,1,3,35000 - 50000,Single,Q,1,N,2,Overweight
26-35,F,2,1,3,35000 - 50000,Single,Q,1,N,2,Overweight
26-35,M,2,2,3,35000 - 50000,Single,Q,1,N,3,Overweight
26-35,M,2,2,3,35000 - 50000,Single,Q,1,N,2,Overweight
26-35,M,2,1,3,35000 - 50000,Single,Q,1,N,4,Overweight
36-50,M,2,1,3,35000 - 50000,Single,Q,1,N,5,Overweight
36-50,M,2,1,3,35000 - 50000,Single,Q,1,N,2,Overweight
36-50,M,2,1,3,35000 - 50000,Single,Q,1,N,2,Overweight
36-50,M,2,1,3,35000 - 50000,Single,Q,1,N,0,Overweight
51-65,M,2,1,3,35000 - 50000,Single,Q,1,N,5,Overweight
26-35,M,2,0,3,50000 +,Single,Q,1,N,0,Overweight
26-35,M,2,2,3,50000 +,Single,Q,1,N,5,Overweight
51-65,M,2,0,3,50000 +,Single,Q,1,N,0,Overweight
51-65,F,2,0,3,50000 +,Single,Q,1,N,6,Overweight
51-65,F,2,2,3,50000 +,Single,Q,1,N,3,Overweight
26-35,M,3,2,3,20000 - 35000,Single,Q,1,N,0,Overweight
36-50,M,3,2,3,20000 - 35000,Single,Q,1,N,0,Overweight
26-35,F,3,2,3,35000 - 50000,Single,Q,1,N,4,Overweight
26-35,M,3,1,3,35000 - 50000,Single,Q,1,N,3,Overweight
51-65,M,3,2,3,35000 - 50000,Single,Q,1,N,3,Overweight
51-65,F,3,1,3,35000 - 50000,Single,Q,1,N,5,Overweight
66+,F,3,2,3,50000 +,Single,Q,1,N,3,Overweight
66+,F,3,2,3,50000 +,Single,Q,1,N,5,Overweight
26-35,F,4,2,3,20000 - 35000,Multi,N,1,N,5,Overweight
26-35,M,4,2,3,20000 - 35000,Multi,Q,1,N,6,Overweight
36-50,M,4,2,3,20000 - 35000,Multi,Q,1,N,2,Overweight
51-65,M,4,2,3,20000 - 35000,Multi,Q,1,N,1,Overweight
51-65,M,4,2,3,20000 - 35000,Multi,Q,1,N,5,Overweight
26-35,F,4,1,3,35000 - 50000,Multi,Q,1,N,5,Overweight
26-35,M,4,1,3,35000 - 50000,Multi,Q,1,N,1,Overweight
66+,F,4,1,3,35000 - 50000,Multi,Q,1,N,5,Overweight
66+,F,4,1,3,35000 - 50000,Multi,Q,1,N,3,Overweight
26-35,F,4,0,3,50000 +,Multi,Q,1,N,2,Overweight
36-50,M,4,2,3,50000 +,Multi,Q,1,N,4,Overweight
36-50,M,4,2,3,50000 +,Multi,Q,1,N,5,Overweight
26-35,M,5,2,3,20000 - 35000,Multi,Q,1,N,3,Overweight
26-35,F,5,1,3,35000 - 50000,Multi,Q,1,N,5,Overweight
26-35,M,5,1,3,35000 - 50000,Multi,Q,1,N,5,Overweight
66+,F,5,1,3,35000 - 50000,Multi,Q,1,N,0,Overweight
26-35,M,5,0,3,50000 +,Multi,Q,1,N,4,Overweight
26-35,F,2,2,4,20000 - 35000,Multi,N,1,N,2,Overweight
26-35,F,2,2,4,20000 - 35000,Multi,N,1,N,5,Overweight
36-50,M,2,1,4,35000 - 50000,Multi,N,1,N,2,Overweight
36-50,M,4,2,4,20000 - 35000,Multi,N,1,N,4,Overweight
26-35,F,4,1,4,35000 - 50000,Multi,N,1,Y,4,Overweight
51-65,M,5,2,4,20000 - 35000,Multi,N,1,Y,1,Overweight
26-35,F,1,2,5,50000 +,Multi,Q,1,Y,6,Overweight
26-35,F,2,2,5,20000 - 35000,Multi,Q,1,Y,0,Overweight
26-35,F,2,1,5,35000 - 50000,Multi,Q,1,N,3,Overweight
36-50,M,2,1,5,35000 - 50000,Multi,Q,1,N,0,Overweight
51-65,M,2,2,5,50000 +,Multi,Q,1,Y,1,Overweight
26-35,F,3,1,5,35000 - 50000,Multi,Q,1,N,5,Overweight
36-50,M,4,2,5,20000 - 35000,Multi,Q,1,Y,5,Overweight
36-50,M,4,2,5,35000 - 50000,Multi,Q,1,N,4,Overweight
26-35,F,5,2,5,35000 - 50000,Multi,Q,1,N,5,Overweight
51-65,M,5,2,5,35000 - 50000,Multi,Q,1,N,2,Overweight
51-65,M,5,2,5,35000 - 50000,Multi,Q,1,Y,3,Overweight
36-50,M,5,2,0,20000 - 35000,Multi,N,2,N,5,Overweight
26-35,F,1,1,1,35000 - 50000,Multi,Q,2,N,3,Overweight
26-35,M,1,1,1,35000 - 50000,Multi,Q,2,N,3,Overweight
26-35,M,1,1,1,35000 - 50000,Multi,Q,2,N,0,Overweight
36-50,M,1,2,1,35000 - 50000,Multi,Q,2,N,5,Overweight
51-65,F,1,1,1,35000 - 50000,Multi,Q,2,N,4,Overweight
26-35,M,1,2,1,50000 +,Multi,Q,2,N,2,Overweight
26-35,M,1,2,1,50000 +,Multi,Q,2,N,3,Overweight
26-35,F,2,2,1,20000 - 35000,Multi,Q,2,N,0,Overweight
26-35,F,2,2,1,20000 - 35000,Multi,Q,2,N,6,Overweight
26-35,M,2,2,1,20000 - 35000,Multi,Q,2,N,1,Overweight
26-35,M,2,2,1,20000 - 35000,Multi,Q,2,N,2,Overweight
26-35,M,2,2,1,20000 - 35000,Multi,Q,2,N,3,Overweight
26-35,F,2,2,1,35000 - 50000,Multi,Q,2,N,3,Overweight
26-35,M,2,1,1,35000 - 50000,Multi,Q,2,N,4,Overweight
26-35,M,2,1,1,35000 - 50000,Multi,Q,2,N,5,Overweight
66+,F,2,1,1,35000 - 50000,Multi,Q,2,N,4,Overweight
26-35,F,2,0,1,50000 +,Multi,Q,2,N,3,Overweight
26-35,M,2,2,1,50000 +,Multi,Q,2,N,3,Overweight
66+,F,2,2,1,50000 +,Multi,Q,2,N,2,Overweight
66+,F,2,2,1,50000 +,Multi,Q,2,N,0,Overweight
26-35,F,3,2,1,20000 - 35000,Multi,Q,2,N,2,Overweight
26-35,F,3,2,1,20000 - 35000,Multi,Q,2,N,3,Overweight
26-35,M,3,2,1,20000 - 35000,Multi,Q,2,N,4,Overweight
26-35,M,3,2,1,20000 - 35000,Multi,Q,2,N,5,Overweight
36-50,M,3,2,1,20000 - 35000,Multi,Q,2,N,0,Overweight
36-50,F,3,2,1,20000 - 35000,Multi,Q,2,N,2,Overweight
51-65,M,3,2,1,20000 - 35000,Multi,Q,2,N,3,Overweight
51-65,M,3,2,1,20000 - 35000,Multi,Q,2,N,2,Overweight
51-65,M,3,2,1,20000 - 35000,Multi,Q,2,N,3,Overweight
51-65,F,3,2,1,20000 - 35000,Multi,Q,2,N,4,Overweight
26-35,F,3,1,1,35000 - 50000,Multi,Q,2,N,5,Overweight
26-35,F,3,2,1,35000 - 50000,Multi,Q,2,N,3,Overweight
66+,F,3,1,1,35000 - 50000,Multi,Q,2,N,1,Overweight
66+,F,3,1,1,35000 - 50000,Multi,Q,2,N,0,Overweight
66+,F,3,1,1,35000 - 50000,Multi,Q,2,N,5,Overweight
66+,F,3,1,1,35000 - 50000,Multi,Q,2,N,3,Overweight
26-35,M,3,0,1,50000 +,Multi,Q,2,N,5,Overweight
36-50,M,3,2,1,50000 +,Multi,Q,2,N,0,Overweight
36-50,M,3,2,1,50000 +,Multi,Q,2,N,6,Overweight
36-50,M,3,2,1,50000 +,Multi,Q,2,N,3,Overweight
66+,F,4,2,1,20000 - 35000,Multi,Q,2,N,0,Overweight
26-35,M,4,1,1,35000 - 50000,Multi,Q,2,N,2,Overweight
66+,F,4,2,1,35000 - 50000,Multi,Q,2,N,4,Overweight
26-35,M,4,2,1,50000 +,Multi,Q,2,N,4,Overweight
26-35,F,5,2,1,20000 - 35000,Multi,Q,2,N,5,Overweight
66+,F,5,2,1,20000 - 35000,Multi,Q,2,N,6,Overweight
26-35,M,5,1,1,35000 - 50000,Multi,Q,2,N,3,Overweight
36-50,M,5,2,1,35000 - 50000,Multi,Q,2,N,5,Overweight
36-50,M,5,1,1,35000 - 50000,Multi,Q,2,N,0,Overweight
36-50,M,5,1,1,35000 - 50000,Multi,Q,2,N,5,Overweight
51-65,M,5,1,1,35000 - 50000,Multi,Q,2,N,0,Overweight
51-65,M,5,1,1,35000 - 50000,Multi,Q,2,N,5,Overweight
36-50,M,1,1,2,35000 - 50000,Multi,N,2,N,0,Overweight
51-65,M,1,0,2,35000 - 50000,Multi,N,2,N,0,Overweight
26-35,F,1,0,2,50000 +,Multi,N,2,Y,0,Overweight
26-35,F,2,2,2,20000 - 35000,Multi,N,2,Y,3,Overweight
26-35,F,2,1,2,35000 - 50000,Multi,N,2,N,2,Overweight
36-50,M,2,2,2,35000 - 50000,Multi,N,2,N,6,Overweight
26-35,F,2,2,2,50000 +,Multi,N,2,Y,5,Overweight
36-50,M,3,2,2,20000 - 35000,Multi,N,2,Y,3,Overweight
26-35,F,3,2,2,35000 - 50000,Multi,N,2,N,3,Overweight
36-50,M,3,2,2,50000 +,Multi,N,2,Y,2,Overweight
36-50,M,3,2,3,20000 - 35000,Multi,Q,2,N,3,Overweight
26-35,F,0,2,4,20000 - 35000,Multi,N,2,N,2,Overweight
26-35,F,1,1,4,35000 - 50000,Multi,N,2,Y,2,Overweight
26-35,F,1,1,4,35000 - 50000,Multi,N,2,N,1,Overweight
66+,F,1,1,4,35000 - 50000,Multi,N,2,N,1,Overweight
26-35,M,1,2,4,50000 +,Multi,N,2,Y,2,Overweight
26-35,M,2,2,4,20000 - 35000,Multi,N,2,Y,6,Overweight
26-35,F,2,1,4,35000 - 50000,Multi,N,2,Y,2,Overweight
26-35,M,2,0,4,35000 - 50000,Multi,N,2,N,2,Overweight
26-35,M,2,1,4,35000 - 50000,Multi,N,2,Y,5,Overweight
26-35,M,2,2,4,35000 - 50000,Multi,N,2,Y,3,Overweight
26-35,M,2,2,4,35000 - 50000,Multi,N,2,N,0,Overweight
26-35,M,2,1,4,35000 - 50000,Multi,N,2,N,4,Overweight
26-35,M,2,1,4,35000 - 50000,Multi,N,2,Y,3,Overweight
36-50,F,2,0,4,35000 - 50000,Multi,N,2,N,5,Overweight
36-50,M,2,1,4,35000 - 50000,Multi,N,2,Y,3,Overweight
36-50,M,2,0,4,35000 - 50000,Multi,N,2,Y,2,Overweight
66+,F,2,2,4,35000 - 50000,Multi,N,2,N,4,Overweight
66+,F,2,1,4,35000 - 50000,Multi,N,2,N,2,Overweight
26-35,F,2,2,4,50000 +,Multi,N,2,Y,4,Overweight
26-35,M,2,2,4,50000 +,Multi,N,2,N,2,Overweight
26-35,M,2,1,4,50000 +,Multi,N,2,Y,5,Overweight
26-35,M,2,0,4,50000 +,Multi,N,2,Y,5,Overweight
51-65,M,2,0,4,50000 +,Multi,N,2,Y,1,Overweight
51-65,M,2,2,4,50000 +,Multi,N,2,Y,4,Overweight
51-65,F,2,0,4,50000 +,Multi,N,2,N,2,Overweight
51-65,F,2,2,4,50000 +,Multi,N,2,N,3,Overweight
18-25,F,3,2,4,20000 - 35000,Multi,N,2,Y,0,Overweight
26-35,F,3,2,4,20000 - 35000,Multi,N,2,N,4,Overweight
26-35,F,3,2,4,20000 - 35000,Multi,N,2,N,1,Overweight
26-35,M,3,2,4,20000 - 35000,Multi,N,2,Y,0,Overweight
66+,F,3,2,4,20000 - 35000,Multi,N,2,N,3,Overweight
66+,F,3,2,4,20000 - 35000,Multi,N,2,N,0,Overweight
66+,F,3,2,4,20000 - 35000,Multi,N,2,Y,2,Overweight
26-35,F,3,1,4,35000 - 50000,Multi,N,2,Y,2,Overweight
26-35,F,3,0,4,35000 - 50000,Multi,N,2,Y,5,Overweight
26-35,F,3,1,4,35000 - 50000,Multi,N,2,N,0,Overweight
26-35,F,3,2,4,35000 - 50000,Multi,N,2,N,4,Overweight
26-35,M,3,1,4,35000 - 50000,Multi,N,2,N,4,Overweight
36-50,M,3,1,4,35000 - 50000,Multi,N,2,N,1,Overweight
26-35,F,3,2,4,50000 +,Multi,N,2,Y,2,Overweight
26-35,F,3,2,4,50000 +,Multi,N,2,N,3,Overweight
26-35,M,3,1,4,50000 +,Multi,N,2,N,3,Overweight
51-65,M,3,1,4,50000 +,Multi,N,2,N,5,Overweight
66+,F,3,2,4,50000 +,Multi,N,2,Y,2,Overweight
26-35,F,4,2,4,20000 - 35000,Multi,N,2,N,4,Overweight
36-50,M,4,2,4,20000 - 35000,Multi,N,2,Y,4,Overweight
36-50,M,4,2,4,20000 - 35000,Multi,N,2,N,2,Overweight
36-50,M,4,2,4,20000 - 35000,Multi,N,2,N,2,Overweight
26-35,M,4,1,4,35000 - 50000,Multi,N,2,N,1,Overweight
51-65,M,4,2,4,35000 - 50000,Multi,N,2,N,5,Overweight
51-65,M,4,1,4,35000 - 50000,Multi,N,2,Y,6,Overweight
66+,F,4,0,4,35000 - 50000,Multi,N,2,Y,3,Overweight
26-35,F,4,0,4,50000 +,Multi,N,2,Y,2,Overweight
26-35,M,5,2,4,20000 - 35000,Multi,N,2,Y,2,Overweight
26-35,M,5,0,4,35000 - 50000,Multi,N,2,N,6,Overweight
66+,F,5,1,4,35000 - 50000,Multi,N,2,Y,5,Overweight
26-35,F,5,1,4,50000 +,Multi,N,2,Y,5,Overweight
26-35,F,1,1,5,35000 - 50000,Multi,Q,2,Y,2,Overweight
26-35,F,2,2,5,20000 - 35000,Multi,Q,2,N,4,Overweight
26-35,F,2,2,5,20000 - 35000,Multi,Q,2,N,2,Overweight
36-50,M,3,1,5,35000 - 50000,Multi,Q,2,Y,4,Overweight
36-50,M,4,2,5,20000 - 35000,Multi,Q,2,N,2,Overweight
26-35,F,4,1,5,35000 - 50000,Multi,Q,2,Y,4,Overweight
26-35,F,5,2,5,20000 - 35000,Multi,Q,2,N,2,Overweight
36-50,M,5,2,5,20000 - 35000,Multi,Q,2,N,3,Overweight
66+,F,1,2,2,20000 - 35000,Multi,N,3,Y,2,Overweight
26-35,F,1,1,2,35000 - 50000,Multi,N,3,Y,2,Overweight
18-25,F,1,2,2,50000 +,Multi,N,3,N,0,Overweight
26-35,F,1,1,2,50000 +,Multi,N,3,N,4,Overweight
26-35,M,1,2,2,50000 +,Multi,N,3,N,5,Overweight
26-35,M,2,2,2,20000 - 35000,Multi,N,3,Y,2,Overweight
26-35,M,2,2,2,20000 - 35000,Multi,N,3,N,2,Overweight
66+,F,2,2,2,20000 - 35000,Multi,N,3,N,2,Overweight
18-25,F,2,1,2,35000 - 50000,Multi,N,3,Y,2,Overweight
26-35,M,2,1,2,35000 - 50000,Multi,N,3,Y,5,Overweight
26-35,M,2,0,2,35000 - 50000,Multi,N,3,Y,2,Overweight
26-35,M,2,1,2,35000 - 50000,Multi,N,3,N,3,Overweight
26-35,M,2,1,2,35000 - 50000,Multi,N,3,Y,4,Overweight
51-65,F,2,0,2,35000 - 50000,Multi,N,3,Y,5,Overweight
26-35,F,2,0,2,50000 +,Multi,N,3,N,1,Overweight
26-35,M,2,2,2,50000 +,Multi,N,3,N,4,Overweight
26-35,M,2,1,2,50000 +,Multi,N,3,Y,5,Overweight
66+,F,2,0,2,50000 +,Multi,N,3,Y,2,Overweight
66+,F,2,2,2,50000 +,Multi,N,3,Y,2,Overweight
26-35,M,3,2,2,20000 - 35000,Multi,N,3,N,0,Overweight
26-35,M,3,2,2,20000 - 35000,Multi,N,3,N,4,Overweight
36-50,M,3,2,2,20000 - 35000,Multi,N,3,Y,0,Overweight
36-50,F,3,2,2,20000 - 35000,Multi,N,3,N,2,Overweight
51-65,M,3,2,2,20000 - 35000,Multi,N,3,Y,3,Overweight
18-25,M,3,1,2,35000 - 50000,Multi,N,3,N,4,Overweight
26-35,F,3,2,2,35000 - 50000,Multi,N,3,Y,5,Overweight
51-65,F,3,1,2,35000 - 50000,Multi,N,3,N,4,Overweight
26-35,M,3,0,2,50000 +,Multi,N,3,N,2,Overweight
36-50,M,3,0,2,50000 +,Multi,N,3,N,4,Overweight
66+,F,3,1,2,50000 +,Multi,N,3,N,5,Overweight
51-65,M,4,2,2,20000 - 35000,Multi,N,3,N,4,Overweight
26-35,M,4,1,2,35000 - 50000,Multi,N,3,Y,0,Overweight
66+,F,4,2,2,35000 - 50000,Multi,N,3,N,4,Overweight
66+,F,4,1,2,35000 - 50000,Multi,N,3,N,1,Overweight
26-35,M,5,1,2,35000 - 50000,Multi,N,3,Y,4,Overweight
36-50,F,5,1,2,35000 - 50000,Multi,N,3,Y,5,Overweight
36-50,M,5,1,2,35000 - 50000,Multi,N,3,N,5,Overweight
66+,F,5,1,2,35000 - 50000,Multi,N,3,Y,0,Overweight
51-65,M,5,1,2,50000 +,Multi,N,3,N,2,Overweight
26-35,M,1,2,5,20000 - 35000,Multi,Q,3,Y,3,Overweight
26-35,M,1,2,5,50000 +,Multi,Q,3,Y,5,Overweight
26-35,M,2,2,5,20000 - 35000,Multi,Q,3,Y,2,Overweight
26-35,M,2,2,5,20000 - 35000,Multi,Q,3,N,3,Overweight
51-65,M,2,2,5,20000 - 35000,Multi,Q,3,Y,5,Overweight
51-65,F,2,2,5,20000 - 35000,Multi,Q,3,N,3,Overweight
26-35,M,2,1,5,35000 - 50000,Multi,Q,3,N,5,Overweight
26-35,M,2,1,5,35000 - 50000,Multi,Q,3,Y,5,Overweight
26-35,M,2,1,5,35000 - 50000,Multi,Q,3,Y,3,Overweight
26-35,M,2,1,5,35000 - 50000,Multi,Q,3,N,0,Overweight
26-35,M,2,1,5,35000 - 50000,Multi,Q,3,Y,3,Overweight
66+,F,2,1,5,35000 - 50000,Multi,Q,3,N,4,Overweight
26-35,M,2,0,5,50000 +,Multi,Q,3,N,2,Overweight
36-50,M,2,2,5,50000 +,Multi,Q,3,Y,2,Overweight
26-35,F,3,2,5,20000 - 35000,Multi,Q,3,Y,5,Overweight
66+,F,3,2,5,20000 - 35000,Multi,Q,3,N,3,Overweight
66+,F,3,2,5,20000 - 35000,Multi,Q,3,N,0,Overweight
26-35,M,3,1,5,35000 - 50000,Multi,Q,3,N,5,Overweight
66+,F,3,2,5,35000 - 50000,Multi,Q,3,Y,3,Overweight
26-35,M,3,2,5,50000 +,Multi,Q,3,N,3,Overweight
51-65,M,3,2,5,50000 +,Multi,Q,3,N,5,Overweight
51-65,F,3,2,5,50000 +,Multi,Q,3,N,2,Overweight
66+,F,4,2,5,20000 - 35000,Multi,Q,3,Y,2,Overweight
26-35,M,4,1,5,35000 - 50000,Multi,Q,3,N,5,Overweight
26-35,M,4,1,5,35000 - 50000,Multi,Q,3,N,3,Overweight
26-35,M,4,2,5,35000 - 50000,Multi,Q,3,Y,2,Overweight
51-65,M,4,1,5,35000 - 50000,Multi,Q,3,N,5,Overweight
26-35,F,5,2,5,20000 - 35000,Multi,Q,3,Y,3,Overweight
26-35,M,5,2,5,20000 - 35000,Multi,Q,3,Y,5,Overweight
26-35,F,5,1,5,35000 - 50000,Multi,Q,3,N,3,Overweight
51-65,M,5,1,5,35000 - 50000,Multi,Q,3,Y,2,Overweight
66+,F,5,1,5,35000 - 50000,Multi,Q,3,Y,5,Overweight
36-50,F,5,2,5,50000 +,Multi,Q,3,Y,5,Overweight
66+,F,5,0,5,50000 +,Multi,Q,3,Y,3,Overweight
66+,F,5,0,5,50000 +,Multi,Q,3,N,0,Overweight
26-35,M,0,1,0,50000 +,Single,N,1,N,3,Overweight
18-25,M,1,1,0,20000 - 35000,Single,N,1,N,3,Overweight
26-35,M,1,2,0,35000 - 50000,Single,N,1,N,4,Overweight
51-65,M,1,1,0,35000 - 50000,Single,N,1,N,2,Overweight
51-65,M,1,0,0,35000 - 50000,Single,N,1,N,5,Overweight
26-35,M,2,2,0,20000 - 35000,Single,N,1,N,5,Overweight
26-35,M,2,2,0,20000 - 35000,Single,N,1,N,5,Overweight
26-35,M,2,2,0,20000 - 35000,Single,N,1,N,4,Overweight
26-35,M,2,1,0,35000 - 50000,Single,N,1,N,4,Overweight
51-65,F,2,1,0,35000 - 50000,Single,N,1,N,4,Overweight
51-65,F,2,2,0,35000 - 50000,Single,N,1,N,0,Overweight
51-65,F,2,2,0,35000 - 50000,Single,N,1,N,5,Overweight
51-65,M,2,1,0,35000 - 50000,Single,N,1,N,2,Overweight
26-35,M,2,0,0,50000 +,Single,N,1,N,2,Overweight
51-65,M,3,2,0,20000 - 35000,Single,N,1,N,2,Overweight
26-35,M,3,2,0,50000 +,Single,N,1,N,2,Overweight
26-35,M,3,1,0,50000 +,Single,N,1,N,2,Overweight
18-25,F,4,1,0,50000 +,Single,N,1,N,2,Overweight
51-65,F,4,0,0,50000 +,Single,N,1,N,5,Overweight
51-65,F,4,2,0,50000 +,Single,N,1,N,0,Overweight
18-25,M,5,2,0,20000 - 35000,Single,N,1,N,0,Overweight
18-25,F,5,1,0,35000 - 50000,Single,N,1,N,2,Overweight
51-65,F,5,1,0,50000 +,Single,N,1,N,1,Overweight
66+,M,5,1,0,50000 +,Single,N,1,N,2,Overweight
51-65,F,3,2,1,20000 - 35000,Single,N,1,N,5,Overweight
51-65,M,3,2,1,20000 - 35000,Single,N,1,N,2,Overweight
51-65,M,3,2,1,20000 - 35000,Single,N,1,N,3,Overweight
26-35,F,3,1,1,35000 - 50000,Single,Q,1,N,5,Overweight
36-50,F,4,2,1,35000 - 50000,Single,N,1,N,2,Overweight
51-65,F,4,0,1,35000 - 50000,Single,N,1,N,2,Overweight
36-50,F,4,1,1,35000 - 50000,Single,Q,1,N,0,Overweight
51-65,F,5,0,1,35000 - 50000,Single,N,1,N,6,Overweight
51-65,M,5,0,1,35000 - 50000,Single,N,1,N,4,Overweight
51-65,F,2,0,2,50000 +,Single,N,1,Y,4,Overweight
51-65,F,3,2,2,20000 - 35000,Single,N,1,N,2,Overweight
66+,M,3,2,2,20000 - 35000,Single,N,1,N,6,Overweight
36-50,F,3,2,2,20000 - 35000,Single,N,1,Y,5,Overweight
51-65,F,3,2,2,35000 - 50000,Single,N,1,N,2,Overweight
51-65,F,3,1,2,35000 - 50000,Single,N,1,N,2,Overweight
51-65,M,3,0,2,35000 - 50000,Single,N,1,N,3,Overweight
36-50,F,4,1,2,35000 - 50000,Single,N,1,N,0,Overweight
51-65,F,5,1,2,35000 - 50000,Single,N,1,N,1,Overweight
51-65,F,5,2,2,20000 - 35000,Single,N,1,Y,6,Overweight
51-65,F,5,2,2,20000 - 35000,Single,N,1,Y,0,Overweight
26-35,M,1,2,3,20000 - 35000,Single,Q,1,N,0,Overweight
26-35,M,1,1,3,35000 - 50000,Single,Q,1,N,2,Overweight
26-35,M,2,2,3,20000 - 35000,Single,Q,1,N,3,Overweight
51-65,F,2,2,3,20000 - 35000,Single,Q,1,N,3,Overweight
26-35,M,2,1,3,35000 - 50000,Single,Q,1,N,5,Overweight
26-35,M,2,1,3,35000 - 50000,Single,Q,1,N,5,Overweight
36-50,M,2,1,3,35000 - 50000,Single,Q,1,N,4,Overweight
51-65,F,2,2,3,50000 +,Single,Q,1,N,3,Overweight
51-65,M,2,2,3,50000 +,Single,Q,1,N,4,Overweight
51-65,M,2,2,3,50000 +,Single,Q,1,N,0,Overweight
51-65,F,2,2,3,50000 +,Single,Q,1,N,5,Overweight
66+,M,2,2,3,50000 +,Single,Q,1,N,3,Overweight
26-35,M,3,2,3,20000 - 35000,Single,Q,1,N,0,Overweight
36-50,F,3,2,3,20000 - 35000,Single,Q,1,N,5,Overweight
26-35,M,3,2,3,35000 - 50000,Single,Q,1,N,5,Overweight
51-65,F,3,1,3,35000 - 50000,Single,Q,1,N,2,Overweight
51-65,F,3,1,3,35000 - 50000,Single,Q,1,N,2,Overweight
51-65,M,3,0,3,50000 +,Single,Q,1,N,3,Overweight
26-35,F,4,2,3,20000 - 35000,Single,Q,1,N,4,Overweight
51-65,F,4,2,3,35000 - 50000,Single,Q,1,N,0,Overweight
51-65,F,4,1,3,35000 - 50000,Single,Q,1,N,3,Overweight
51-65,M,4,2,3,35000 - 50000,Single,Q,1,N,6,Overweight
51-65,M,4,1,3,35000 - 50000,Single,Q,1,N,3,Overweight
51-65,F,4,1,3,35000 - 50000,Single,Q,1,N,0,Overweight
51-65,M,4,1,3,35000 - 50000,Single,Q,1,N,3,Overweight
66+,M,4,1,3,35000 - 50000,Single,Q,1,N,4,Overweight
26-35,M,4,0,3,50000 +,Single,Q,1,N,3,Overweight
26-35,M,5,2,3,20000 - 35000,Single,Q,1,N,3,Overweight
51-65,F,5,2,3,20000 - 35000,Single,Q,1,N,2,Overweight
51-65,F,5,2,3,20000 - 35000,Single,Q,1,N,0,Overweight
26-35,M,5,1,3,35000 - 50000,Single,Q,1,N,5,Overweight
36-50,F,3,2,4,20000 - 35000,Single,N,1,N,2,Overweight
26-35,F,4,1,4,50000 +,Single,N,1,Y,4,Overweight
26-35,F,2,1,5,35000 - 50000,Single,Q,1,Y,2,Overweight
51-65,F,2,2,5,35000 - 50000,Single,Q,1,N,4,Overweight
51-65,F,2,1,5,35000 - 50000,Single,Q,1,N,2,Overweight
26-35,F,3,2,5,20000 - 35000,Single,Q,1,N,1,Overweight
51-65,F,3,2,5,20000 - 35000,Single,Q,1,N,5,Overweight
36-50,F,3,2,5,35000 - 50000,Single,Q,1,N,2,Overweight
51-65,M,3,2,5,50000 +,Single,Q,1,Y,4,Overweight
51-65,F,4,1,5,35000 - 50000,Single,Q,1,Y,0,Overweight
51-65,F,4,2,5,50000 +,Single,Q,1,Y,2,Overweight
51-65,M,5,1,5,35000 - 50000,Single,Q,1,N,5,Overweight
36-50,F,2,2,0,50000 +,Single,N,2,N,1,Overweight
26-35,M,0,2,1,50000 +,Single,Q,2,N,4,Overweight
18-25,F,1,1,1,35000 - 50000,Single,Q,2,N,2,Overweight
51-65,F,1,1,1,35000 - 50000,Single,Q,2,N,3,Overweight
51-65,F,1,0,1,50000 +,Single,Q,2,N,4,Overweight
66+,M,1,2,1,50000 +,Single,Q,2,N,2,Overweight
26-35,M,2,2,1,20000 - 35000,Single,Q,2,N,5,Overweight
26-35,M,2,2,1,20000 - 35000,Single,Q,2,N,5,Overweight
36-50,F,2,2,1,20000 - 35000,Single,Q,2,N,3,Overweight
26-35,F,2,1,1,35000 - 50000,Single,Q,2,N,2,Overweight
26-35,M,2,1,1,35000 - 50000,Single,Q,2,N,4,Overweight
51-65,F,2,1,1,35000 - 50000,Single,Q,2,N,5,Overweight
51-65,M,2,1,1,35000 - 50000,Single,Q,2,N,2,Overweight
51-65,M,2,1,1,35000 - 50000,Single,Q,2,N,3,Overweight
26-35,F,2,0,1,50000 +,Single,Q,2,N,3,Overweight
26-35,F,2,2,1,50000 +,Single,Q,2,N,0,Overweight
51-65,M,2,0,1,50000 +,Single,Q,2,N,5,Overweight
26-35,M,3,2,1,20000 - 35000,Single,Q,2,N,2,Overweight
51-65,F,3,2,1,20000 - 35000,Single,Q,2,N,5,Overweight
51-65,M,3,2,1,20000 - 35000,Single,Q,2,N,2,Overweight
26-35,F,3,1,1,35000 - 50000,Single,Q,2,N,3,Overweight
26-35,F,3,1,1,35000 - 50000,Single,Q,2,N,5,Overweight
51-65,M,3,2,1,35000 - 50000,Single,Q,2,N,2,Overweight
51-65,F,3,2,1,35000 - 50000,Single,Q,2,N,2,Overweight
51-65,F,3,1,1,35000 - 50000,Single,Q,2,N,6,Overweight
66+,M,3,2,1,35000 - 50000,Single,Q,2,N,2,Overweight
26-35,M,3,2,1,50000 +,Single,Q,2,N,3,Overweight
51-65,M,4,2,1,20000 - 35000,Single,Q,2,N,4,Overweight
51-65,F,4,2,1,20000 - 35000,Single,Q,2,N,0,Overweight
26-35,F,4,2,1,35000 - 50000,Single,Q,2,N,3,Overweight
26-35,M,4,1,1,35000 - 50000,Single,Q,2,N,2,Overweight
26-35,M,4,1,1,35000 - 50000,Single,Q,2,N,1,Overweight
26-35,F,4,2,1,50000 +,Single,Q,2,N,5,Overweight
26-35,M,4,0,1,50000 +,Single,Q,2,N,6,Overweight
51-65,F,4,2,1,50000 +,Single,Q,2,N,6,Overweight
18-25,F,5,2,1,50000 +,Single,Q,2,N,2,Overweight
51-65,F,5,2,1,50000 +,Single,Q,2,N,1,Overweight
36-50,F,2,2,2,20000 - 35000,Single,N,2,Y,3,Overweight
26-35,F,3,1,2,35000 - 50000,Single,N,2,N,2,Overweight
26-35,F,3,0,2,50000 +,Single,N,2,N,5,Overweight
26-35,F,3,1,2,50000 +,Single,N,2,Y,6,Overweight
26-35,F,5,2,2,20000 - 35000,Single,N,2,Y,3,Overweight
26-35,F,5,2,2,35000 - 50000,Single,N,2,Y,4,Overweight
36-50,F,5,1,3,35000 - 50000,Single,Q,2,N,0,Overweight
26-35,M,1,2,4,20000 - 35000,Single,N,2,Y,2,Overweight
26-35,M,1,2,4,20000 - 35000,Single,N,2,Y,3,Overweight
51-65,F,1,2,4,20000 - 35000,Single,N,2,N,2,Overweight
26-35,M,1,1,4,35000 - 50000,Single,N,2,N,6,Overweight
26-35,M,1,1,4,35000 - 50000,Single,N,2,Y,3,Overweight
51-65,F,1,1,4,35000 - 50000,Single,N,2,N,2,Overweight
51-65,M,2,2,4,20000 - 35000,Single,N,2,Y,5,Overweight
51-65,F,2,2,4,20000 - 35000,Single,N,2,N,5,Overweight
26-35,M,2,1,4,35000 - 50000,Single,N,2,Y,2,Overweight
26-35,M,2,0,4,35000 - 50000,Single,N,2,Y,2,Overweight
26-35,M,2,1,4,50000 +,Single,N,2,N,5,Overweight
26-35,M,2,0,4,50000 +,Single,N,2,N,3,Overweight
51-65,F,2,2,4,50000 +,Single,N,2,Y,5,Overweight
26-35,F,3,2,4,20000 - 35000,Single,N,2,Y,5,Overweight
66+,M,3,2,4,20000 - 35000,Single,N,2,Y,4,Overweight
51-65,F,3,0,4,35000 - 50000,Single,N,2,Y,3,Overweight
51-65,M,3,0,4,50000 +,Single,N,2,N,6,Overweight
51-65,M,3,2,4,50000 +,Single,N,2,N,0,Overweight
51-65,F,3,1,4,50000 +,Single,N,2,Y,2,Overweight
51-65,M,3,0,4,50000 +,Single,N,2,Y,4,Overweight
51-65,F,4,1,4,35000 - 50000,Single,N,2,Y,5,Overweight
51-65,F,4,2,4,35000 - 50000,Single,N,2,N,1,Overweight
51-65,F,4,1,4,35000 - 50000,Single,N,2,N,4,Overweight
51-65,M,4,1,4,35000 - 50000,Single,N,2,Y,3,Overweight
51-65,F,4,1,4,35000 - 50000,Single,N,2,Y,0,Overweight
66+,M,4,1,4,35000 - 50000,Single,N,2,N,5,Overweight
26-35,M,5,2,4,20000 - 35000,Single,N,2,N,2,Overweight
51-65,F,5,2,4,20000 - 35000,Single,N,2,N,2,Overweight
51-65,M,5,2,4,35000 - 50000,Single,N,2,Y,2,Overweight
51-65,M,5,1,4,35000 - 50000,Single,N,2,N,5,Overweight
36-50,F,5,1,4,50000 +,Single,N,2,Y,1,Overweight
26-35,F,1,2,5,35000 - 50000,Single,Q,2,N,5,Overweight
26-35,F,1,2,5,50000 +,Single,Q,2,Y,5,Overweight
36-50,F,1,2,5,50000 +,Single,Q,2,Y,1,Overweight
26-35,F,3,1,5,35000 - 50000,Single,Q,2,N,6,Overweight
26-35,M,1,2,2,50000 +,Single,N,3,N,5,Overweight
51-65,F,1,0,2,50000 +,Single,N,3,N,3,Overweight
51-65,F,1,2,2,50000 +,Single,N,3,Y,1,Overweight
26-35,F,2,0,2,35000 - 50000,Single,N,3,N,2,Overweight
26-35,M,2,1,2,35000 - 50000,Single,N,3,N,5,Overweight
36-50,M,2,2,2,35000 - 50000,Single,N,3,Y,4,Overweight
26-35,M,2,2,2,50000 +,Single,N,3,Y,3,Overweight
51-65,F,2,1,2,50000 +,Single,N,3,N,3,Overweight
51-65,M,2,1,2,50000 +,Single,N,3,Y,0,Overweight
66+,M,2,2,2,50000 +,Single,N,3,N,2,Overweight
26-35,M,3,2,2,20000 - 35000,Single,N,3,N,2,Overweight
26-35,M,3,2,2,20000 - 35000,Single,N,3,N,5,Overweight
51-65,F,3,1,2,35000 - 50000,Single,N,3,N,6,Overweight
51-65,F,3,1,2,35000 - 50000,Single,N,3,Y,2,Overweight
51-65,M,3,2,2,35000 - 50000,Single,N,3,Y,2,Overweight
51-65,F,4,2,2,20000 - 35000,Single,N,3,Y,2,Overweight
51-65,M,4,2,2,20000 - 35000,Single,N,3,N,5,Overweight
51-65,M,4,1,2,35000 - 50000,Single,N,3,N,2,Overweight
66+,M,4,2,2,35000 - 50000,Single,N,3,Y,3,Overweight
26-35,M,0,1,5,35000 - 50000,Single,Q,3,N,2,Overweight
26-35,M,1,2,5,20000 - 35000,Single,Q,3,Y,2,Overweight
26-35,M,1,2,5,35000 - 50000,Single,Q,3,Y,3,Overweight
26-35,M,1,2,5,35000 - 50000,Single,Q,3,N,1,Overweight
51-65,F,1,2,5,35000 - 50000,Single,Q,3,N,2,Overweight
26-35,M,2,2,5,20000 - 35000,Single,Q,3,N,4,Overweight
26-35,M,2,2,5,20000 - 35000,Single,Q,3,N,4,Overweight
51-65,F,2,2,5,20000 - 35000,Single,Q,3,N,3,Overweight
51-65,M,2,2,5,20000 - 35000,Single,Q,3,Y,6,Overweight
66+,F,2,2,5,35000 - 50000,Single,Q,3,Y,5,Overweight
26-35,M,2,2,5,50000 +,Single,Q,3,N,3,Overweight
26-35,M,2,0,5,50000 +,Single,Q,3,Y,2,Overweight
36-50,F,2,0,5,50000 +,Single,Q,3,Y,4,Overweight
51-65,F,3,2,5,20000 - 35000,Single,Q,3,Y,5,Overweight
51-65,M,3,2,5,20000 - 35000,Single,Q,3,N,0,Overweight
66+,M,3,2,5,20000 - 35000,Single,Q,3,Y,5,Overweight
26-35,M,3,1,5,35000 - 50000,Single,Q,3,Y,3,Overweight
26-35,M,3,2,5,50000 +,Single,Q,3,N,5,Overweight
51-65,F,3,0,5,50000 +,Single,Q,3,Y,4,Overweight
51-65,M,3,2,5,50000 +,Single,Q,3,N,2,Overweight
18-25,F,4,2,5,20000 - 35000,Single,Q,3,Y,0,Overweight
51-65,F,4,1,5,35000 - 50000,Single,Q,3,Y,5,Overweight
51-65,F,4,1,5,35000 - 50000,Single,Q,3,N,5,Overweight
51-65,F,5,1,5,35000 - 50000,Single,Q,3,N,1,Overweight
51-65,M,5,1,5,35000 - 50000,Single,Q,3,Y,2,Overweight
51-65,M,5,1,5,35000 - 50000,Single,Q,3,Y,3,Overweight
66+,M,5,1,5,35000 - 50000,Single,Q,3,N,6,Overweight
